Country,Happiness Score,Economy (GDP per Capita),Health (Life Expectancy),Freedom to make life choices,Perceptions of corruption,Generosity,Social support,Year
Switzerland,7.587,1.39651,0.94143,0.66557,0.41978,0.29678,1.34951,2015
Iceland,7.561,1.30232,0.94784,0.62877,0.14145,0.4363,1.40223,2015
Denmark,7.527,1.32548,0.87464,0.64938,0.48357,0.34139,1.36058,2015
Norway,7.522,1.459,0.88521,0.66973,0.36503,0.34699,1.33095,2015
Canada,7.427,1.32629,0.90563,0.63297,0.32957,0.45811,1.32261,2015
Finland,7.406,1.29025,0.88911,0.64169,0.41372,0.23351,1.31826,2015
Netherlands,7.378,1.32944,0.89284,0.61576,0.31814,0.4761,1.28017,2015
Sweden,7.364,1.33171,0.91087,0.6598,0.43844,0.36262,1.28907,2015
New Zealand,7.286,1.25018,0.90837,0.63938,0.42922,0.47501,1.31967,2015
Australia,7.284,1.33358,0.93156,0.65124,0.35637,0.43562,1.30923,2015
Israel,7.278,1.22857,0.91387,0.41319,0.07785,0.33172,1.22393,2015
Costa Rica,7.226,0.95578,0.86027,0.63376,0.10583,0.25497,1.23788,2015
Austria,7.2,1.33723,0.89042,0.62433,0.18676,0.33088,1.29704,2015
Mexico,7.187,1.02054,0.81444,0.48181,0.21312,0.14074,0.91451,2015
United States,7.119,1.39451,0.86179,0.54604,0.1589,0.40105,1.24711,2015
Brazil,6.983,0.98124,0.69702,0.49049,0.17521,0.14574,1.23287,2015
Luxembourg,6.946,1.56391,0.91894,0.61583,0.37798,0.28034,1.21963,2015
Ireland,6.94,1.33596,0.89533,0.61777,0.28703,0.45901,1.36948,2015
Belgium,6.937,1.30782,0.89667,0.5845,0.2254,0.2225,1.28566,2015
United Arab Emirates,6.901,1.42727,0.80925,0.64157,0.38583,0.26428,1.12575,2015
United Kingdom,6.867,1.26637,0.90943,0.59625,0.32067,0.51912,1.28548,2015
Oman,6.853,1.36011,0.76276,0.63274,0.32524,0.21542,1.08182,2015
Venezuela,6.81,1.04424,0.72052,0.42908,0.11069,0.05841,1.25596,2015
Singapore,6.798,1.52186,1.02525,0.54252,0.4921,0.31105,1.02,2015
Panama,6.786,1.06353,0.79661,0.5421,0.0927,0.24434,1.1985,2015
Germany,6.75,1.32792,0.89186,0.61477,0.21843,0.28214,1.29937,2015
Chile,6.67,1.10715,0.85857,0.44132,0.12869,0.33363,1.12447,2015
Qatar,6.611,1.69042,0.79733,0.6404,0.52208,0.32573,1.0786,2015
France,6.575,1.27778,0.94579,0.55011,0.20646,0.12332,1.26038,2015
Argentina,6.574,1.05351,0.78723,0.44974,0.08484,0.11451,1.24823,2015
Czech Republic,6.505,1.17898,0.84483,0.46364,0.02652,0.10686,1.20643,2015
Uruguay,6.485,1.06166,0.8116,0.60362,0.24558,0.2324,1.2089,2015
Colombia,6.477,0.91861,0.69077,0.53466,0.0512,0.18401,1.24018,2015
Thailand,6.455,0.9669,0.7385,0.55664,0.03187,0.5763,1.26504,2015
Saudi Arabia,6.411,1.39541,0.72025,0.31048,0.32524,0.13706,1.08393,2015
Spain,6.329,1.23011,0.95562,0.45951,0.06398,0.18227,1.31379,2015
Malta,6.302,1.2074,0.88721,0.60365,0.13586,0.51752,1.30203,2015
Taiwan,6.298,1.29098,0.8753,0.3974,0.08129,0.25376,1.07617,2015
Kuwait,6.295,1.55422,0.72492,0.55499,0.25609,0.16228,1.16594,2015
Suriname,6.269,0.99534,0.6082,0.59657,0.13633,0.16991,0.972,2015
Trinidad and Tobago,6.168,1.21183,0.61483,0.55884,0.0114,0.31844,1.18354,2015
El Salvador,6.13,0.76454,0.67737,0.4035,0.11776,0.10692,1.02507,2015
Guatemala,6.123,0.74553,0.64425,0.57733,0.09472,0.27489,1.04356,2015
Uzbekistan,6.003,0.63244,0.59772,0.65821,0.30826,0.22837,1.34043,2015
Slovakia,5.995,1.16891,0.78902,0.31751,0.03431,0.16893,1.26999,2015
Japan,5.987,1.27074,0.99111,0.49615,0.1806,0.10705,1.25712,2015
South Korea,5.984,1.24461,0.96538,0.33208,0.07857,0.18557,0.95774,2015
Ecuador,5.975,0.86402,0.79075,0.48574,0.1809,0.11541,0.99903,2015
Bahrain,5.96,1.32376,0.74716,0.45492,0.306,0.17362,1.21624,2015
Italy,5.948,1.25114,0.95446,0.26236,0.02901,0.22823,1.19777,2015
Bolivia,5.89,0.68133,0.5392,0.57414,0.088,0.20536,0.97841,2015
Moldova,5.889,0.59448,0.61826,0.32818,0.01615,0.20951,1.01528,2015
Paraguay,5.878,0.75985,0.66098,0.53899,0.08242,0.3424,1.30477,2015
Kazakhstan,5.855,1.12254,0.64368,0.51649,0.08454,0.11827,1.12241,2015
Slovenia,5.848,1.18498,0.87337,0.60855,0.03787,0.25328,1.27385,2015
Lithuania,5.833,1.14723,0.73128,0.21342,0.01031,0.02641,1.25745,2015
Nicaragua,5.828,0.59325,0.74314,0.55475,0.19317,0.27815,1.14184,2015
Peru,5.824,0.90019,0.73017,0.41496,0.05989,0.14982,0.97459,2015
Belarus,5.813,1.03192,0.73608,0.37938,0.1909,0.11046,1.23289,2015
Poland,5.791,1.12555,0.77903,0.53122,0.04212,0.16759,1.27948,2015
Malaysia,5.77,1.12486,0.72394,0.53024,0.10501,0.33075,1.07023,2015
Croatia,5.759,1.08254,0.78805,0.25883,0.0243,0.05444,0.79624,2015
Libya,5.754,1.13145,0.7038,0.41668,0.11023,0.18295,1.11862,2015
Russia,5.716,1.13764,0.66926,0.36679,0.03005,0.00199,1.23617,2015
Jamaica,5.709,0.81038,0.68741,0.50442,0.02299,0.2123,1.15102,2015
North Cyprus,5.695,1.20806,0.92356,0.49027,0.1428,0.26169,1.07008,2015
Cyprus,5.689,1.20813,0.92356,0.40672,0.06146,0.30638,0.89318,2015
Algeria,5.605,0.93929,0.61766,0.28579,0.17383,0.07822,1.07772,2015
Kosovo,5.589,0.80148,0.63132,0.24749,0.04741,0.2831,0.81198,2015
Turkmenistan,5.548,0.95847,0.53886,0.4761,0.30844,0.16979,1.22668,2015
Mauritius,5.477,1.00761,0.7095,0.56066,0.07521,0.37744,0.98521,2015
Hong Kong,5.474,1.38604,1.01328,0.59608,0.37124,0.39478,1.05818,2015
Estonia,5.429,1.15174,0.77361,0.44888,0.15184,0.0868,1.22791,2015
Indonesia,5.399,0.82827,0.63793,0.46611,0.0,0.51535,1.08708,2015
Vietnam,5.36,0.63216,0.74676,0.59444,0.10441,0.1686,0.91226,2015
Turkey,5.332,1.06098,0.73172,0.22815,0.15746,0.12253,0.94632,2015
Kyrgyzstan,5.286,0.47428,0.65088,0.43477,0.04232,0.3003,1.15115,2015
Nigeria,5.268,0.65435,0.16007,0.34334,0.0403,0.27233,0.90432,2015
Bhutan,5.253,0.77042,0.57407,0.53206,0.15445,0.47998,1.10395,2015
Azerbaijan,5.212,1.02389,0.64045,0.3703,0.16065,0.07799,0.93793,2015
Pakistan,5.194,0.59543,0.51466,0.12102,0.10464,0.33671,0.41411,2015
Jordan,5.192,0.90198,0.69639,0.40661,0.14293,0.11053,1.05392,2015
Montenegro,5.192,0.97438,0.72521,0.1826,0.14296,0.1614,0.90557,2015
China,5.14,0.89012,0.81658,0.51697,0.02781,0.08185,0.94675,2015
Zambia,5.129,0.47038,0.29924,0.48827,0.12468,0.19591,0.91612,2015
Romania,5.124,1.04345,0.7689,0.35068,0.00649,0.13748,0.88588,2015
Serbia,5.123,0.92053,0.74836,0.20107,0.02617,0.19231,1.00964,2015
Portugal,5.102,1.15991,0.87519,0.51469,0.01078,0.13719,1.13935,2015
Latvia,5.098,1.11312,0.72437,0.29671,0.06332,0.18226,1.09562,2015
Philippines,5.073,0.70532,0.58114,0.62545,0.12279,0.24991,1.03516,2015
Somaliland region,5.057,0.18847,0.43873,0.46582,0.39928,0.50318,0.95152,2015
Morocco,5.013,0.73479,0.60954,0.41691,0.08546,0.07172,0.64095,2015
Macedonia,5.007,0.91851,0.73545,0.33457,0.05327,0.22359,1.00232,2015
Mozambique,4.971,0.08308,0.09131,0.34037,0.15603,0.22269,1.02626,2015
Albania,4.959,0.87867,0.81325,0.35733,0.06413,0.14272,0.80434,2015
Bosnia and Herzegovina,4.949,0.83223,0.79081,0.09245,0.00227,0.24808,0.91916,2015
Lesotho,4.898,0.37545,0.07612,0.31767,0.12504,0.16388,1.04103,2015
Dominican Republic,4.885,0.89537,0.66825,0.57672,0.14234,0.21684,1.17202,2015
Laos,4.876,0.59066,0.54909,0.59591,0.24249,0.42192,0.73803,2015
Mongolia,4.874,0.82819,0.60268,0.43626,0.02666,0.3323,1.3006,2015
Swaziland,4.867,0.71206,0.07566,0.30658,0.0306,0.18259,1.07284,2015
Greece,4.857,1.15406,0.88213,0.07699,0.01397,0.0,0.92933,2015
Lebanon,4.839,1.02564,0.83947,0.33916,0.04582,0.21854,0.80001,2015
Hungary,4.8,1.12094,0.75905,0.32112,0.02758,0.128,1.20215,2015
Honduras,4.788,0.59532,0.6951,0.40148,0.06825,0.23027,0.95348,2015
Tajikistan,4.786,0.39047,0.57379,0.47216,0.15072,0.22974,0.85563,2015
Tunisia,4.739,0.88113,0.73793,0.26268,0.06358,0.06431,0.60429,2015
Palestinian Territories,4.715,0.59867,0.66015,0.24499,0.12905,0.11251,0.92558,2015
Bangladesh,4.694,0.39753,0.60164,0.4082,0.12569,0.21222,0.43106,2015
Iran,4.686,1.0088,0.69805,0.30033,0.05863,0.38086,0.54447,2015
Ukraine,4.681,0.79907,0.6739,0.25123,0.02961,0.15275,1.20278,2015
Iraq,4.677,0.98549,0.60237,0.0,0.13788,0.17922,0.81889,2015
South Africa,4.642,0.92049,0.27688,0.33207,0.08884,0.11973,1.18468,2015
Ghana,4.633,0.54558,0.40132,0.42342,0.04355,0.23087,0.67954,2015
Zimbabwe,4.61,0.271,0.33475,0.25861,0.08079,0.18987,1.03276,2015
Liberia,4.571,0.0712,0.34201,0.28531,0.06232,0.24362,0.78968,2015
India,4.565,0.64499,0.51529,0.39786,0.08492,0.26475,0.38174,2015
Sudan,4.55,0.52107,0.36878,0.10081,0.1466,0.19062,1.01404,2015
Haiti,4.518,0.26673,0.38847,0.24425,0.17175,0.46187,0.74302,2015
Congo (Kinshasa),4.517,0.0,0.09806,0.22605,0.07625,0.24834,1.0012,2015
Nepal,4.514,0.35997,0.56874,0.38282,0.05907,0.32296,0.86449,2015
Ethiopia,4.512,0.19073,0.44055,0.4345,0.15048,0.24325,0.60406,2015
Sierra Leone,4.507,0.33024,0.0,0.4084,0.08786,0.21488,0.95571,2015
Mauritania,4.436,0.45407,0.35874,0.24232,0.17461,0.219,0.86908,2015
Kenya,4.419,0.36471,0.41435,0.42215,0.05839,0.37542,0.99876,2015
Djibouti,4.369,0.44025,0.36291,0.46074,0.28105,0.18093,0.59207,2015
Armenia,4.35,0.76821,0.7299,0.19847,0.039,0.07855,0.77711,2015
Botswana,4.332,0.99355,0.04776,0.49495,0.12474,0.10461,1.10464,2015
Myanmar,4.307,0.27108,0.48246,0.44017,0.19034,0.79588,0.70905,2015
Georgia,4.297,0.7419,0.72926,0.40577,0.38331,0.05547,0.38562,2015
Malawi,4.292,0.01604,0.22562,0.43054,0.06977,0.33128,0.41134,2015
Sri Lanka,4.271,0.83524,0.70806,0.53726,0.09179,0.40828,1.01905,2015
Cameroon,4.252,0.4225,0.23402,0.49309,0.05786,0.20618,0.88767,2015
Bulgaria,4.218,1.01216,0.76649,0.30587,0.00872,0.11921,1.10614,2015
Egypt,4.194,0.8818,0.61712,0.17288,0.06324,0.11291,0.747,2015
Yemen,4.077,0.54649,0.40064,0.35571,0.07854,0.09131,0.68093,2015
Angola,4.033,0.75778,0.16683,0.10384,0.07122,0.12344,0.8604,2015
Mali,3.995,0.26074,0.20583,0.38857,0.12352,0.18798,1.03526,2015
Congo (Brazzaville),3.989,0.67866,0.31051,0.41466,0.11686,0.12388,0.6629,2015
Comoros,3.956,0.23906,0.36315,0.22917,0.199,0.17441,0.79273,2015
Uganda,3.931,0.21102,0.33861,0.45727,0.07267,0.29066,1.13299,2015
Senegal,3.904,0.36498,0.4354,0.36772,0.10713,0.20843,0.97619,2015
Gabon,3.896,1.06024,0.43372,0.31914,0.11091,0.06822,0.90528,2015
Niger,3.845,0.0694,0.29707,0.47692,0.15639,0.19387,0.77265,2015
Cambodia,3.819,0.46038,0.61114,0.66246,0.07247,0.40359,0.62736,2015
Tanzania,3.781,0.2852,0.38215,0.32878,0.05747,0.34377,1.00268,2015
Madagascar,3.681,0.20824,0.46721,0.19184,0.08124,0.21333,0.66801,2015
Central African Republic,3.678,0.0785,0.06699,0.48879,0.08289,0.23835,0.0,2015
Chad,3.667,0.34193,0.1501,0.23501,0.05269,0.18386,0.76062,2015
Guinea,3.656,0.17417,0.24009,0.37725,0.12139,0.28657,0.46475,2015
Ivory Coast,3.655,0.46534,0.15185,0.46866,0.17922,0.20165,0.77115,2015
Burkina Faso,3.587,0.25812,0.27125,0.39493,0.12832,0.21747,0.85188,2015
Afghanistan,3.575,0.31982,0.30335,0.23414,0.09719,0.3651,0.30285,2015
Rwanda,3.465,0.22208,0.42864,0.59201,0.55191,0.22628,0.7737,2015
Benin,3.34,0.28665,0.3191,0.4845,0.0801,0.1826,0.35386,2015
Syria,3.006,0.6632,0.72193,0.15684,0.18906,0.47179,0.47489,2015
Burundi,2.905,0.0153,0.22396,0.1185,0.10062,0.19727,0.41587,2015
Togo,2.839,0.20868,0.28443,0.36453,0.10731,0.16681,0.13995,2015
Denmark,7.526,1.44178,0.79504,0.57941,0.44453,0.36171,1.16374,2016
Switzerland,7.509,1.52733,0.86303,0.58557,0.41203,0.28083,1.14524,2016
Iceland,7.501,1.42666,0.86733,0.56624,0.14975,0.47678,1.18326,2016
Norway,7.498,1.57744,0.79579,0.59609,0.35776,0.37895,1.1269,2016
Finland,7.413,1.40598,0.81091,0.57104,0.41004,0.25492,1.13464,2016
Canada,7.404,1.44015,0.8276,0.5737,0.31329,0.44834,1.0961,2016
Netherlands,7.339,1.46468,0.81231,0.55211,0.29927,0.47416,1.02912,2016
New Zealand,7.334,1.36066,0.83096,0.58147,0.41904,0.49401,1.17278,2016
Australia,7.313,1.44443,0.8512,0.56837,0.32331,0.47407,1.10476,2016
Sweden,7.291,1.45181,0.83121,0.58218,0.40867,0.38254,1.08764,2016
Israel,7.267,1.33766,0.84917,0.36432,0.08728,0.32288,0.99537,2016
Austria,7.119,1.45038,0.80565,0.54355,0.21348,0.32865,1.08383,2016
United States,7.104,1.50796,0.779,0.48163,0.14868,0.41077,1.04782,2016
Costa Rica,7.087,1.06879,0.76146,0.55225,0.10547,0.22553,1.02152,2016
Puerto Rico,7.039,1.35943,0.77758,0.46823,0.12275,0.22202,1.08113,2016
Germany,6.994,1.44787,0.81487,0.53466,0.28551,0.30452,1.09774,2016
Brazil,6.952,1.08754,0.61415,0.40425,0.14166,0.15776,1.03938,2016
Belgium,6.929,1.42539,0.81959,0.51354,0.26248,0.2424,1.05249,2016
Ireland,6.907,1.48341,0.81455,0.54008,0.29754,0.44963,1.16157,2016
Luxembourg,6.871,1.69752,0.84542,0.5487,0.35329,0.27571,1.03999,2016
Mexico,6.778,1.11508,0.71143,0.37709,0.18355,0.11735,0.7146,2016
Singapore,6.739,1.64555,0.94719,0.4877,0.46987,0.32706,0.86758,2016
United Kingdom,6.725,1.40283,0.80991,0.50036,0.27399,0.50156,1.08672,2016
Chile,6.705,1.2167,0.81883,0.37789,0.11451,0.31595,0.90587,2016
Panama,6.701,1.18306,0.70835,0.48927,0.08423,0.2418,0.98912,2016
Argentina,6.65,1.15137,0.69711,0.42284,0.07296,0.10989,1.06612,2016
Czech Republic,6.596,1.30915,0.76376,0.41418,0.03986,0.09929,1.00793,2016
United Arab Emirates,6.573,1.57352,0.72993,0.56215,0.35561,0.26591,0.87114,2016
Uruguay,6.545,1.18157,0.72183,0.54388,0.21394,0.18056,1.03143,2016
Malta,6.488,1.30782,0.80315,0.54994,0.17554,0.56237,1.09879,2016
Colombia,6.481,1.03032,0.59659,0.44735,0.05399,0.15626,1.02169,2016
France,6.478,1.39488,0.83795,0.46562,0.17808,0.1216,1.00508,2016
Thailand,6.474,1.0893,0.64915,0.49553,0.02833,0.58696,1.04477,2016
Saudi Arabia,6.379,1.48953,0.59267,0.37904,0.30008,0.15457,0.84829,2016
Taiwan,6.379,1.39729,0.79565,0.32377,0.0663,0.25495,0.92624,2016
Qatar,6.375,1.82427,0.71723,0.56679,0.48049,0.32388,0.87964,2016
Spain,6.361,1.34253,0.87896,0.37545,0.06137,0.17665,1.12945,2016
Algeria,6.355,1.05266,0.61804,0.21006,0.16157,0.07044,0.83309,2016
Guatemala,6.324,0.83454,0.54039,0.50379,0.08701,0.28808,0.87119,2016
Suriname,6.269,1.09686,0.50933,0.52234,0.12692,0.16665,0.77866,2016
Kuwait,6.239,1.61714,0.63569,0.43166,0.23669,0.15965,0.87758,2016
Bahrain,6.218,1.44024,0.65696,0.47375,0.25772,0.17147,0.94397,2016
Trinidad and Tobago,6.168,1.32572,0.52608,0.48453,0.01241,0.31935,0.98569,2016
Venezuela,6.084,1.13367,0.61904,0.19847,0.08304,0.0425,1.03302,2016
Slovakia,6.078,1.27973,0.70367,0.23391,0.02947,0.13837,1.08268,2016
El Salvador,6.068,0.8737,0.596,0.37269,0.10613,0.08877,0.80975,2016
Malaysia,6.005,1.25142,0.62366,0.39031,0.09081,0.41474,0.88025,2016
Nicaragua,5.992,0.69384,0.65213,0.46582,0.16292,0.29773,0.89521,2016
Uzbekistan,5.987,0.73591,0.50163,0.60848,0.28333,0.34326,1.1681,2016
Italy,5.977,1.35495,0.85102,0.18827,0.02556,0.16684,1.04167,2016
Ecuador,5.976,0.97306,0.68613,0.4027,0.18037,0.10074,0.85974,2016
Belize,5.956,0.87616,0.45569,0.51231,0.10771,0.23684,0.68655,2016
Japan,5.921,1.38007,0.91491,0.46761,0.18985,0.10224,1.06054,2016
Kazakhstan,5.919,1.22943,0.57386,0.4052,0.11132,0.15011,0.95544,2016
Moldova,5.897,0.69177,0.52309,0.25202,0.01903,0.19997,0.83132,2016
Russia,5.856,1.23228,0.58991,0.32682,0.03586,0.02736,1.05261,2016
Poland,5.835,1.24585,0.69058,0.4519,0.055,0.14443,1.04685,2016
South Korea,5.835,1.35948,0.88645,0.25168,0.07716,0.18824,0.72194,2016
Bolivia,5.822,0.79422,0.4697,0.50961,0.07746,0.21698,0.83779,2016
Lithuania,5.813,1.2692,0.64674,0.18929,0.0182,0.02025,1.06411,2016
Belarus,5.802,1.13062,0.63104,0.29091,0.17457,0.13942,1.04993,2016
North Cyprus,5.771,1.31141,0.84142,0.43596,0.16578,0.26322,0.81826,2016
Slovenia,5.768,1.29947,0.79151,0.53164,0.03635,0.25738,1.05613,2016
Peru,5.743,0.99602,0.62994,0.37502,0.05292,0.14527,0.81255,2016
Turkmenistan,5.658,1.08017,0.44006,0.37408,0.28467,0.22567,1.03817,2016
Mauritius,5.648,1.14372,0.66189,0.46145,0.05203,0.36951,0.75695,2016
Libya,5.615,1.06688,0.52304,0.40672,0.10339,0.17087,0.95076,2016
Latvia,5.56,1.21788,0.63952,0.27996,0.0889,0.17445,0.95025,2016
Cyprus,5.546,1.31857,0.8488,0.29507,0.05228,0.27906,0.70697,2016
Paraguay,5.538,0.89373,0.58295,0.46235,0.07396,0.25296,1.11111,2016
Romania,5.528,1.1697,0.67602,0.36712,0.00679,0.12889,0.72803,2016
Estonia,5.517,1.27964,0.68098,0.41511,0.18519,0.08423,1.05163,2016
Jamaica,5.51,0.89333,0.59469,0.43597,0.04294,0.22245,0.96372,2016
Croatia,5.488,1.18649,0.70524,0.23907,0.04002,0.18434,0.60809,2016
Hong Kong,5.458,1.5107,0.95277,0.48079,0.31647,0.40097,0.87021,2016
Somalia,5.44,0.0,0.11466,0.56778,0.3118,0.27225,0.33613,2016
Kosovo,5.401,0.90145,0.54,0.14396,0.06547,0.27992,0.66062,2016
Turkey,5.389,1.16492,0.64718,0.23889,0.12348,0.04707,0.87717,2016
Indonesia,5.314,0.95104,0.49374,0.39237,0.00322,0.56521,0.87625,2016
Jordan,5.303,0.99673,0.60712,0.36023,0.13297,0.14262,0.86216,2016
Azerbaijan,5.291,1.12373,0.54504,0.35327,0.17914,0.0564,0.76042,2016
Philippines,5.279,0.81217,0.47036,0.54854,0.11757,0.21674,0.87877,2016
China,5.245,1.0278,0.73561,0.44012,0.02745,0.04959,0.79381,2016
Bhutan,5.196,0.8527,0.49759,0.46074,0.1616,0.48546,0.90836,2016
Kyrgyzstan,5.185,0.56044,0.55449,0.40212,0.04762,0.38432,0.95434,2016
Serbia,5.177,1.03437,0.6458,0.15718,0.04339,0.20737,0.81329,2016
Bosnia and Herzegovina,5.163,0.93383,0.70766,0.09511,0.0,0.29889,0.64367,2016
Montenegro,5.161,1.07838,0.63533,0.15111,0.12721,0.17191,0.74173,2016
Dominican Republic,5.155,1.02787,0.57669,0.52259,0.12372,0.21286,0.99496,2016
Morocco,5.151,0.84058,0.59471,0.25646,0.08404,0.04053,0.38595,2016
Hungary,5.145,1.24142,0.67608,0.1977,0.04472,0.099,0.93164,2016
Pakistan,5.132,0.68816,0.40306,0.14622,0.1388,0.31185,0.26135,2016
Lebanon,5.129,1.12268,0.76171,0.26228,0.03061,0.23693,0.64184,2016
Portugal,5.123,1.27607,0.79363,0.44727,0.01521,0.11691,0.94367,2016
Macedonia,5.121,1.0193,0.64738,0.27668,0.07047,0.23507,0.78236,2016
Vietnam,5.061,0.74037,0.66157,0.55954,0.11556,0.25075,0.79117,2016
Somaliland Region,5.057,0.25558,0.33108,0.3913,0.36794,0.51479,0.75862,2016
Tunisia,5.045,0.97724,0.59577,0.23553,0.0817,0.03936,0.43165,2016
Greece,5.033,1.24886,0.80029,0.05822,0.04127,0.0,0.75473,2016
Tajikistan,4.996,0.48835,0.53119,0.43408,0.13509,0.25998,0.75602,2016
Mongolia,4.907,0.98853,0.55469,0.35972,0.03285,0.34539,1.08983,2016
Laos,4.876,0.68042,0.38291,0.52168,0.22423,0.43079,0.5497,2016
Nigeria,4.875,0.75216,0.05108,0.27854,0.0305,0.23219,0.64498,2016
Honduras,4.871,0.69429,0.58383,0.26755,0.06906,0.2044,0.75596,2016
Iran,4.813,1.11758,0.64232,0.22544,0.0557,0.38538,0.38857,2016
Zambia,4.795,0.61202,0.23573,0.42662,0.11479,0.17866,0.6376,2016
Nepal,4.793,0.44626,0.50073,0.37012,0.07008,0.3816,0.69699,2016
Palestinian Territories,4.754,0.67024,0.56844,0.17744,0.10613,0.11154,0.71629,2016
Albania,4.655,0.9553,0.73007,0.31866,0.05301,0.1684,0.50163,2016
Bangladesh,4.643,0.54177,0.52989,0.39778,0.12583,0.19132,0.24749,2016
Sierra Leone,4.635,0.36485,0.0,0.30685,0.08196,0.23897,0.628,2016
Iraq,4.575,1.07474,0.51076,0.24856,0.13636,0.19589,0.59205,2016
Namibia,4.574,0.93287,0.34745,0.48614,0.10398,0.07795,0.70362,2016
Cameroon,4.513,0.52497,0.12698,0.42736,0.06126,0.2268,0.62542,2016
Ethiopia,4.508,0.29283,0.34578,0.36703,0.1717,0.29522,0.37932,2016
South Africa,4.459,1.02416,0.18611,0.42483,0.08415,0.13656,0.96053,2016
Sri Lanka,4.415,0.97318,0.62007,0.50817,0.07964,0.46978,0.84783,2016
India,4.404,0.74036,0.45091,0.40285,0.08722,0.25028,0.29247,2016
Myanmar,4.395,0.34112,0.3988,0.42692,0.20243,0.81971,0.69981,2016
Egypt,4.362,0.95395,0.52116,0.18847,0.10393,0.12706,0.49813,2016
Armenia,4.36,0.86086,0.64083,0.14037,0.03616,0.07793,0.62477,2016
Kenya,4.356,0.52267,0.30147,0.40576,0.06686,0.41328,0.7624,2016
Ukraine,4.324,0.87287,0.58628,0.12859,0.01829,0.20363,1.01413,2016
Ghana,4.276,0.63107,0.29681,0.40973,0.0326,0.21203,0.49353,2016
Congo (Kinshasa),4.272,0.05661,0.188,0.15602,0.06075,0.25458,0.80676,2016
Georgia,4.252,0.83792,0.64035,0.32461,0.3188,0.06786,0.19249,2016
Congo (Brazzaville),4.236,0.77109,0.28212,0.37938,0.09753,0.12077,0.47799,2016
Senegal,4.219,0.44314,0.40457,0.31056,0.11681,0.19103,0.77416,2016
Bulgaria,4.217,1.11306,0.67806,0.21219,0.00615,0.12793,0.92542,2016
Mauritania,4.201,0.61391,0.28639,0.1268,0.17955,0.22686,0.84142,2016
Zimbabwe,4.193,0.35041,0.1595,0.25429,0.08582,0.18503,0.71478,2016
Malawi,4.156,0.08709,0.29364,0.4143,0.07564,0.30968,0.147,2016
Sudan,4.139,0.63069,0.29759,0.0,0.10039,0.18077,0.81928,2016
Gabon,4.121,1.15851,0.3494,0.28098,0.09314,0.06244,0.72368,2016
Mali,4.073,0.31292,0.16347,0.27544,0.13647,0.21064,0.86333,2016
Haiti,4.028,0.34097,0.27494,0.12072,0.14476,0.47958,0.29561,2016
Botswana,3.974,1.09426,0.34752,0.44089,0.10769,0.12425,0.89186,2016
Comoros,3.956,0.27509,0.29981,0.15412,0.18437,0.1827,0.60323,2016
Ivory Coast,3.916,0.55507,0.04476,0.40663,0.1553,0.20338,0.57576,2016
Cambodia,3.907,0.55604,0.42494,0.58852,0.08092,0.40339,0.5375,2016
Angola,3.866,0.84731,0.04991,0.00589,0.08434,0.12071,0.66366,2016
Niger,3.856,0.1327,0.26162,0.38041,0.17176,0.2097,0.6053,2016
South Sudan,3.832,0.39394,0.15781,0.19662,0.13015,0.25899,0.18519,2016
Chad,3.763,0.42214,0.03824,0.12807,0.04952,0.18667,0.63178,2016
Burkina Faso,3.739,0.31995,0.21297,0.3337,0.12533,0.24353,0.63054,2016
Uganda,3.739,0.34719,0.19625,0.43653,0.06442,0.27102,0.90981,2016
Yemen,3.724,0.57939,0.31048,0.2287,0.05892,0.09821,0.47493,2016
Madagascar,3.695,0.27954,0.37109,0.13684,0.07506,0.2204,0.46115,2016
Tanzania,3.666,0.47155,0.357,0.3176,0.05099,0.31472,0.77623,2016
Liberia,3.622,0.10706,0.23165,0.25748,0.04852,0.24063,0.50353,2016
Guinea,3.607,0.22415,0.18829,0.30953,0.1192,0.29914,0.3109,2016
Rwanda,3.515,0.32846,0.31865,0.5432,0.50521,0.23552,0.61586,2016
Benin,3.484,0.39499,0.21028,0.39747,0.06681,0.2018,0.10419,2016
Afghanistan,3.36,0.38227,0.17344,0.1643,0.07112,0.31268,0.11037,2016
Togo,3.303,0.28123,0.24811,0.34678,0.11587,0.17517,0.0,2016
Syria,3.069,0.74719,0.62994,0.06912,0.17233,0.48397,0.14866,2016
Burundi,2.905,0.06831,0.15747,0.0432,0.09419,0.2029,0.23442,2016
Norway,7.53700017929077,1.61646318435669,0.796666502952576,0.635422587394714,0.315963834524155,0.36201223731041,1.53352355957031,2017
Denmark,7.52199983596802,1.48238301277161,0.792565524578094,0.626006722450256,0.40077006816864,0.355280488729477,1.55112159252167,2017
Iceland,7.50400018692017,1.480633020401,0.833552122116089,0.627162635326385,0.153526559472084,0.475540220737457,1.6105740070343,2017
Switzerland,7.49399995803833,1.56497955322266,0.858131289482117,0.620070576667786,0.367007285356522,0.290549278259277,1.51691174507141,2017
Finland,7.4689998626709,1.44357192516327,0.80915766954422,0.617950856685638,0.38261154294014,0.24548277258873,1.5402467250824,2017
Netherlands,7.3769998550415,1.50394463539124,0.810696125030518,0.585384488105774,0.282661825418472,0.470489829778671,1.42893922328949,2017
Canada,7.31599998474121,1.47920441627502,0.83455765247345,0.611100912094116,0.287371516227722,0.435539722442627,1.48134899139404,2017
New Zealand,7.31400012969971,1.40570604801178,0.816759705543518,0.614062130451202,0.382816702127457,0.500005125999451,1.54819512367249,2017
Sweden,7.28399991989136,1.49438726902008,0.830875158309937,0.612924098968506,0.384398728609085,0.385399252176285,1.47816216945648,2017
Australia,7.28399991989136,1.484414935112,0.84388679265976,0.601607382297516,0.301183730363846,0.477699249982834,1.51004195213318,2017
Israel,7.21299982070923,1.37538242340088,0.83840399980545,0.405988603830338,0.0852421000599861,0.330082654953003,1.37628996372223,2017
Costa Rica,7.0789999961853,1.10970628261566,0.759509265422821,0.580131649971008,0.100106589496136,0.214613229036331,1.41640365123749,2017
Austria,7.00600004196167,1.48709726333618,0.815328419208527,0.567766189575195,0.221060365438461,0.316472321748734,1.4599449634552,2017
United States,6.99300003051758,1.54625928401947,0.77428662776947,0.505740523338318,0.135638788342476,0.392578780651093,1.41992056369781,2017
Ireland,6.97700023651123,1.53570663928986,0.80978262424469,0.573110342025757,0.29838815331459,0.42785832285881,1.55823111534119,2017
Germany,6.95100021362305,1.48792338371277,0.798950731754303,0.562511384487152,0.276731938123703,0.336269170045853,1.47252035140991,2017
Belgium,6.89099979400635,1.46378076076508,0.818091869354248,0.539770722389221,0.251343131065369,0.231503337621689,1.46231269836426,2017
Luxembourg,6.86299991607666,1.74194359779358,0.845089495182037,0.59662789106369,0.31883442401886,0.283180981874466,1.45758366584778,2017
United Kingdom,6.71400022506714,1.44163393974304,0.805335938930511,0.508190035820007,0.265428066253662,0.492774158716202,1.49646008014679,2017
Chile,6.65199995040894,1.25278460979462,0.819479703903198,0.376895278692245,0.0822879821062088,0.326662421226501,1.28402495384216,2017
United Arab Emirates,6.64799976348877,1.62634336948395,0.726798236370087,0.60834527015686,0.324489563703537,0.3609419465065,1.26641023159027,2017
Brazil,6.63500022888184,1.10735321044922,0.616552352905273,0.437453746795654,0.111092761158943,0.16234989464283,1.43130600452423,2017
Czech Republic,6.60900020599365,1.35268235206604,0.754444003105164,0.490946173667908,0.0368729270994663,0.0881067588925362,1.43388521671295,2017
Argentina,6.59899997711182,1.18529546260834,0.695137083530426,0.494519203901291,0.059739887714386,0.109457060694695,1.44045114517212,2017
Mexico,6.57800006866455,1.15318381786346,0.709978997707367,0.412730008363724,0.132774114608765,0.120990432798862,1.210862159729,2017
Singapore,6.57200002670288,1.69227766990662,0.949492394924164,0.549840569496155,0.46430778503418,0.345965981483459,1.35381436347961,2017
Malta,6.52699995040894,1.34327983856201,0.821944236755371,0.588767051696777,0.153066068887711,0.574730575084686,1.48841166496277,2017
Uruguay,6.4539999961853,1.21755969524384,0.719216823577881,0.57939225435257,0.178061872720718,0.175096929073334,1.41222786903381,2017
Guatemala,6.4539999961853,0.872001945972443,0.540239989757538,0.531310617923737,0.0772232785820961,0.283488392829895,1.25558519363403,2017
Panama,6.4520001411438,1.23374843597412,0.706156134605408,0.550026834011078,0.070983923971653,0.21055693924427,1.37319254875183,2017
France,6.44199991226196,1.43092346191406,0.844465851783752,0.470222115516663,0.172502428293228,0.129762306809425,1.38777685165405,2017
Thailand,6.42399978637695,1.12786877155304,0.647239029407501,0.580200731754303,0.0316127352416515,0.572123110294342,1.42579245567322,2017
Taiwan Province of China,6.42199993133545,1.43362653255463,0.793984234333038,0.361466586589813,0.0638292357325554,0.258360475301743,1.38456535339355,2017
Spain,6.40299987792969,1.38439786434174,0.888960599899292,0.408781230449677,0.0709140971302986,0.190133571624756,1.53209090232849,2017
Qatar,6.375,1.87076568603516,0.710098087787628,0.604130983352661,0.439299255609512,0.330473870038986,1.27429687976837,2017
Colombia,6.35699987411499,1.07062232494354,0.595027923583984,0.477487415075302,0.0466687418520451,0.149014472961426,1.4021829366684,2017
Saudi Arabia,6.3439998626709,1.53062355518341,0.590148329734802,0.449750572443008,0.27343225479126,0.147616013884544,1.28667759895325,2017
Trinidad and Tobago,6.16800022125244,1.36135590076447,0.519983291625977,0.518630743026733,0.0089648161083459,0.325296461582184,1.3802285194397,2017
Kuwait,6.10500001907349,1.63295245170593,0.632105708122253,0.496337592601776,0.215159550309181,0.228289797902107,1.25969874858856,2017
Slovakia,6.09800004959106,1.32539355754852,0.712732911109924,0.295817464590073,0.0242108516395092,0.136544480919838,1.50505924224854,2017
Bahrain,6.08699989318848,1.48841226100922,0.653133034706116,0.536746919155121,0.257042169570923,0.172668486833572,1.32311046123505,2017
Malaysia,6.08400011062622,1.29121541976929,0.618784427642822,0.402264982461929,0.0656007081270218,0.416608929634094,1.28464603424072,2017
Nicaragua,6.07100009918213,0.737299203872681,0.653095960617065,0.447551846504211,0.130687981843948,0.301674216985703,1.28721570968628,2017
Ecuador,6.00799989700317,1.00082039833069,0.685636222362518,0.4551981985569,0.140134647488594,0.150112465023994,1.28616881370544,2017
El Salvador,6.00299978256226,0.909784495830536,0.596018552780151,0.432452529668808,0.0899809598922729,0.0782579854130745,1.18212509155273,2017
Poland,5.97300004959106,1.29178786277771,0.699475347995758,0.520342111587524,0.0593078061938286,0.158465966582298,1.44571197032928,2017
Uzbekistan,5.97100019454956,0.786441087722778,0.498272627592087,0.658248662948608,0.246528223156929,0.415983647108078,1.54896914958954,2017
Italy,5.96400022506714,1.39506661891937,0.853144347667694,0.256450712680817,0.0280280914157629,0.17278964817524,1.44492328166962,2017
Russia,5.96299982070923,1.28177809715271,0.547349333763123,0.373783111572266,0.0329628810286522,0.0522638224065304,1.46928238868713,2017
Belize,5.95599985122681,0.907975316047668,0.450191766023636,0.547509372234344,0.0965810716152191,0.240015640854836,1.08141779899597,2017
Japan,5.92000007629395,1.41691517829895,0.913475871086121,0.505625545978546,0.163760736584663,0.12057276815176,1.43633782863617,2017
Lithuania,5.90199995040894,1.31458234786987,0.62894994020462,0.234231784939766,0.0118656428530812,0.010164656676352,1.47351610660553,2017
Algeria,5.87200021743774,1.09186446666718,0.617584645748138,0.233335807919502,0.146096110343933,0.0694366469979286,1.1462174654007,2017
Latvia,5.84999990463257,1.26074862480164,0.638566970825195,0.325707912445068,0.0738427266478539,0.153074786067009,1.40471494197845,2017
South Korea,5.83799982070923,1.40167844295502,0.900214076042175,0.257921665906906,0.0632826685905457,0.206674367189407,1.12827444076538,2017
Moldova,5.83799982070923,0.728870630264282,0.589465200901031,0.240729048848152,0.0100912861526012,0.208779126405716,1.25182557106018,2017
Romania,5.82499980926514,1.21768391132355,0.685158312320709,0.457003742456436,0.00438790069893,0.133519917726517,1.15009129047394,2017
Bolivia,5.82299995422363,0.833756566047668,0.473630249500275,0.558732926845551,0.0604777261614799,0.22556072473526,1.22761905193329,2017
Turkmenistan,5.82200002670288,1.13077676296234,0.437726080417633,0.41827192902565,0.259270340204239,0.24992498755455,1.49314916133881,2017
Kazakhstan,5.81899976730347,1.28455626964569,0.606041550636292,0.437454283237457,0.119282886385918,0.201964423060417,1.38436901569366,2017
North Cyprus,5.80999994277954,1.3469113111496,0.834647238254547,0.471203625202179,0.155353352427483,0.266845703125,1.18630337715149,2017
Slovenia,5.75799989700317,1.3412059545517,0.790828227996826,0.572575807571411,0.0451289787888527,0.242649093270302,1.45251882076263,2017
Peru,5.71500015258789,1.03522527217865,0.630166113376617,0.450002878904343,0.0470490865409374,0.126819714903831,1.21877038478851,2017
Mauritius,5.62900018692017,1.18939554691315,0.638007462024689,0.491247326135635,0.0421815551817417,0.360933750867844,1.20956099033356,2017
Cyprus,5.62099981307983,1.35593807697296,0.84471470117569,0.355111539363861,0.0412379764020443,0.271254301071167,1.13136327266693,2017
Estonia,5.61100006103516,1.32087934017181,0.695168316364288,0.479131430387497,0.183248922228813,0.0988908112049103,1.47667109966278,2017
Belarus,5.56899976730347,1.15655755996704,0.637714266777039,0.295400261878967,0.156313821673393,0.15513750910759,1.44494521617889,2017
Libya,5.52500009536743,1.10180306434631,0.520169019699097,0.465733230113983,0.0926102101802826,0.152073666453362,1.35756433010101,2017
Turkey,5.5,1.19827437400818,0.637605607509613,0.300740599632263,0.0996715798974037,0.0466930419206619,1.33775317668915,2017
Paraguay,5.49300003051758,0.932537317276001,0.579250693321228,0.473507791757584,0.091065913438797,0.224150657653809,1.50728487968445,2017
"Hong Kong S.A.R., China",5.47200012207031,1.55167484283447,0.943062424659729,0.490968644618988,0.293933749198914,0.374465793371201,1.26279091835022,2017
Philippines,5.42999982833862,0.85769921541214,0.468009054660797,0.585214674472809,0.0993318930268288,0.193513423204422,1.25391757488251,2017
Serbia,5.39499998092651,1.06931757926941,0.65078467130661,0.208715528249741,0.0409037806093693,0.220125883817673,1.25818979740143,2017
Jordan,5.33599996566772,0.991012394428253,0.604590058326721,0.418421149253845,0.11980327218771,0.172170460224152,1.23908889293671,2017
Hungary,5.32399988174438,1.2860119342804,0.687763452529907,0.175863519310951,0.0366369374096394,0.0784016624093056,1.34313309192657,2017
Jamaica,5.31099987030029,0.925579309463501,0.641022384166718,0.474307239055634,0.0552677810192108,0.233818337321281,1.36821806430817,2017
Croatia,5.29300022125244,1.22255623340607,0.701288521289825,0.255772292613983,0.0431031100451946,0.248002976179123,0.96798300743103,2017
Kosovo,5.27899980545044,0.951484382152557,0.541452050209045,0.260287940502167,0.0574716180562973,0.319931447505951,1.13785350322723,2017
China,5.27299976348877,1.08116579055786,0.741415500640869,0.472787708044052,0.0227942746132612,0.0288068410009146,1.16083741188049,2017
Pakistan,5.26900005340576,0.72688353061676,0.402047783136368,0.23521526157856,0.124348066747189,0.315446019172668,0.672690689563751,2017
Indonesia,5.26200008392334,0.995538592338562,0.492345720529556,0.443323463201523,0.0153171354904771,0.611704587936401,1.27444469928741,2017
Venezuela,5.25,1.12843120098114,0.617144227027893,0.153997123241425,0.0644911229610443,0.0650196298956871,1.43133759498596,2017
Montenegro,5.23699998855591,1.12112903594971,0.667464673519135,0.194989055395126,0.0881741940975189,0.197911024093628,1.23837649822235,2017
Morocco,5.2350001335144,0.878114581108093,0.59771066904068,0.408158332109451,0.0877631828188896,0.0322099551558495,0.774864435195923,2017
Azerbaijan,5.23400020599365,1.15360176563263,0.540775775909424,0.398155838251114,0.180987507104874,0.0452693402767181,1.15240025520325,2017
Dominican Republic,5.23000001907349,1.07937383651733,0.574873745441437,0.55258983373642,0.113945253193378,0.186967849731445,1.40241670608521,2017
Greece,5.22700023651123,1.28948748111725,0.810198903083801,0.0957312509417534,0.04328977689147,0.0,1.23941457271576,2017
Lebanon,5.22499990463257,1.07498753070831,0.735081076622009,0.288515985012054,0.037513829767704,0.264450758695602,1.12962424755096,2017
Portugal,5.19500017166138,1.3151752948761,0.795843541622162,0.498465299606323,0.0158694516867399,0.0951027125120163,1.36704301834106,2017
Bosnia and Herzegovina,5.18200016021729,0.982409417629242,0.705186307430267,0.204403176903725,0.0,0.328867495059967,1.0693359375,2017
Honduras,5.18100023269653,0.730573117733002,0.582569479942322,0.348079860210419,0.0733454525470734,0.236188873648643,1.14394497871399,2017
Macedonia,5.17500019073486,1.06457793712616,0.644948184490204,0.325905978679657,0.0602777935564518,0.25376096367836,1.20789301395416,2017
Somalia,5.15100002288818,0.0226431842893362,0.113989137113094,0.602126955986023,0.282410323619843,0.291631311178207,0.721151351928711,2017
Vietnam,5.07399988174438,0.788547575473785,0.652168989181519,0.571055591106415,0.0876332372426987,0.234968051314354,1.27749133110046,2017
Nigeria,5.07399988174438,0.783756256103516,0.0569157302379608,0.394952565431595,0.0261215660721064,0.230947196483612,1.21577048301697,2017
Tajikistan,5.04099988937378,0.524713635444641,0.529235124588013,0.471566706895828,0.146377146244049,0.248997643589973,1.27146327495575,2017
Bhutan,5.01100015640259,0.885416388511658,0.495879292488098,0.501537680625916,0.173380389809608,0.474054545164108,1.34012651443481,2017
Kyrgyzstan,5.00400018692017,0.596220076084137,0.553457796573639,0.454943388700485,0.0394391790032387,0.42858037352562,1.39423859119415,2017
Nepal,4.96199989318848,0.479820191860199,0.504130780696869,0.440305948257446,0.0729755461215973,0.394096165895462,1.17928326129913,2017
Mongolia,4.95499992370605,1.02723586559296,0.557783484458923,0.394143968820572,0.0329022891819477,0.338464230298996,1.4930112361908,2017
South Africa,4.8289999961853,1.05469870567322,0.187080070376396,0.479246735572815,0.0725094974040985,0.139362379908562,1.38478863239288,2017
Tunisia,4.80499982833862,1.00726580619812,0.613212049007416,0.289680689573288,0.0867231488227844,0.0496933571994305,0.868351459503174,2017
Palestinian Territories,4.77500009536743,0.716249227523804,0.565666973590851,0.25471106171608,0.0892826020717621,0.114173173904419,1.15564715862274,2017
Egypt,4.7350001335144,0.989701807498932,0.520187258720398,0.282110154628754,0.114381365478039,0.128631442785263,0.997471392154694,2017
Bulgaria,4.71400022506714,1.1614590883255,0.708217680454254,0.289231717586517,0.0110515309497714,0.113177694380283,1.43437945842743,2017
Sierra Leone,4.70900011062622,0.36842092871666,0.0055647538974881,0.318697690963745,0.0710951760411263,0.293040901422501,0.984136044979095,2017
Cameroon,4.69500017166138,0.564305365085602,0.132892116904259,0.430388748645782,0.0513066314160824,0.236298456788063,0.946018218994141,2017
Iran,4.69199991226196,1.15687310695648,0.639333188533783,0.249322608113289,0.048761073499918,0.387242913246155,0.711551249027252,2017
Albania,4.64400005340576,0.996192753314972,0.731159746646881,0.381498634815216,0.0398642159998417,0.201312944293022,0.803685247898102,2017
Bangladesh,4.60799980163574,0.586682975292206,0.533241033554077,0.478356659412384,0.123717859387398,0.172255352139473,0.735131740570068,2017
Namibia,4.57399988174438,0.964434325695038,0.33861181139946,0.520303547382355,0.0931469723582268,0.0771337449550629,1.0984708070755,2017
Kenya,4.55299997329712,0.560479462146759,0.309988349676132,0.452763766050339,0.0646413192152977,0.444860309362411,1.06795072555542,2017
Mozambique,4.55000019073486,0.234305649995804,0.106654435396194,0.480791091918945,0.179436385631561,0.322228103876114,0.870701014995575,2017
Myanmar,4.54500007629395,0.367110550403595,0.397522568702698,0.514492034912109,0.188816204667091,0.838075160980225,1.12323594093323,2017
Senegal,4.53499984741211,0.479309022426605,0.409362852573395,0.377922266721725,0.115460447967052,0.183468893170357,1.17969191074371,2017
Zambia,4.51399993896484,0.636406779289246,0.257835894823074,0.461603492498398,0.0782135501503944,0.249580144882202,1.00318729877472,2017
Iraq,4.49700021743774,1.10271048545837,0.501180469989777,0.288555532693863,0.107215754687786,0.19963726401329,0.978613197803497,2017
Gabon,4.46500015258789,1.1982102394104,0.356578588485718,0.312328577041626,0.0760467872023582,0.0437853783369064,1.1556202173233,2017
Ethiopia,4.46000003814697,0.339233845472336,0.353409707546234,0.408842742443085,0.165455713868141,0.312650740146637,0.86466920375824,2017
Sri Lanka,4.44000005722046,1.00985014438629,0.625130832195282,0.561213254928589,0.0736539661884308,0.490863561630249,1.25997638702393,2017
Armenia,4.37599992752075,0.900596737861633,0.637524425983429,0.198303267359734,0.0266744215041399,0.0834880918264389,1.00748372077942,2017
India,4.31500005722046,0.792221248149872,0.455427616834641,0.469987004995346,0.0922268852591515,0.231538489460945,0.754372596740723,2017
Mauritania,4.29199981689453,0.648457288742065,0.285349279642105,0.0960980430245399,0.136957004666328,0.201870024204254,1.2720308303833,2017
Congo (Brazzaville),4.29099988937378,0.808964252471924,0.28995743393898,0.435025870800018,0.0796181336045265,0.120852127671242,0.832044363021851,2017
Georgia,4.28599977493286,0.950612664222717,0.649546980857849,0.309410035610199,0.251666635274887,0.0540088154375553,0.57061493396759,2017
Congo (Kinshasa),4.28000020980835,0.0921023488044739,0.191407024860382,0.235961347818375,0.0602413564920425,0.246455833315849,1.22902345657349,2017
Mali,4.19000005722046,0.476180493831635,0.169365674257278,0.306613743305206,0.104970246553421,0.183354198932648,1.28147339820862,2017
Ivory Coast,4.17999982833862,0.603048920631409,0.0486421696841717,0.447706192731857,0.130061775445938,0.201237469911575,0.904780030250549,2017
Cambodia,4.16800022125244,0.601765096187592,0.429783403873444,0.633375823497772,0.0681059509515762,0.385922968387604,1.00623834133148,2017
Sudan,4.13899993896484,0.65951669216156,0.290920823812485,0.0149958552792668,0.089847519993782,0.182317450642586,1.21400856971741,2017
Ghana,4.11999988555908,0.667224824428558,0.295637726783752,0.423026293516159,0.0253363698720932,0.256923943758011,0.873664736747742,2017
Ukraine,4.09600019454956,0.89465194940567,0.575903952121735,0.122974775731564,0.0230294708162546,0.270061463117599,1.39453756809235,2017
Uganda,4.08099985122681,0.381430715322495,0.217632606625557,0.443185955286026,0.057069718837738,0.325766056776047,1.12982773780823,2017
Burkina Faso,4.03200006484985,0.3502277135849,0.215844258666039,0.324367851018906,0.120328105986118,0.250864684581757,1.04328000545502,2017
Niger,4.02799987792969,0.161925330758095,0.26850500702858,0.36365869641304,0.138572946190834,0.228673845529556,0.993025004863739,2017
Malawi,3.97000002861023,0.233442038297653,0.315089583396912,0.466914653778076,0.0727116540074348,0.287170469760895,0.512568831443787,2017
Chad,3.93600010871887,0.438012987375259,0.0411347150802612,0.16234202682972,0.0535818822681904,0.216113850474358,0.953855872154236,2017
Zimbabwe,3.875,0.375846534967422,0.196763753890991,0.336384207010269,0.0953753814101219,0.189143493771553,1.08309590816498,2017
Lesotho,3.80800008773804,0.521021246910095,0.0,0.390661299228668,0.119094640016556,0.157497271895409,1.19009518623352,2017
Angola,3.79500007629395,0.858428180217743,0.0498686656355858,0.0,0.0697203353047371,0.097926490008831,1.10441195964813,2017
Afghanistan,3.79399991035461,0.401477217674255,0.180746778845787,0.106179520487785,0.0611578300595284,0.311870932579041,0.581543326377869,2017
Botswana,3.76600003242493,1.12209415435791,0.341755509376526,0.505196332931519,0.0985831990838051,0.0993484482169151,1.22155499458313,2017
Benin,3.65700006484985,0.431085407733917,0.209930211305618,0.425962775945663,0.0609290152788162,0.207948461174965,0.435299843549728,2017
Madagascar,3.64400005340576,0.305808693170547,0.375223308801651,0.189196765422821,0.0672319754958153,0.208732530474663,0.913020372390747,2017
Haiti,3.6029999256134,0.368610262870789,0.277321130037308,0.0303698573261499,0.0998721495270729,0.489203780889511,0.640449821949005,2017
Yemen,3.59299993515015,0.591683447360992,0.310080915689468,0.249463722109795,0.0567674227058887,0.104125209152699,0.93538224697113,2017
South Sudan,3.59100008010864,0.39724862575531,0.163486003875732,0.147062435746193,0.116793513298035,0.285670816898346,0.601323127746582,2017
Liberia,3.53299999237061,0.119041793048382,0.229918196797371,0.332881182432175,0.0389482490718365,0.26654988527298,0.872117936611176,2017
Guinea,3.50699996948242,0.244549930095673,0.194129139184952,0.348587512969971,0.110937617719173,0.264815092086792,0.791244685649872,2017
Togo,3.49499988555908,0.305444717407227,0.247105568647385,0.38042613863945,0.0956650152802467,0.196896150708199,0.431882530450821,2017
Rwanda,3.47099995613098,0.368745893239975,0.326424807310104,0.581843852996826,0.455220013856888,0.252756029367447,0.945707023143768,2017
Syria,3.46199989318848,0.777153134346008,0.50053334236145,0.0815394446253777,0.151347130537033,0.493663728237152,0.396102607250214,2017
Tanzania,3.34899997711182,0.511135876178741,0.364509284496307,0.390017777681351,0.0660351067781448,0.354256361722946,1.04198980331421,2017
Burundi,2.90499997138977,0.091622568666935,0.151610791683197,0.0599007532000542,0.0841479450464249,0.204435184597969,0.629793584346771,2017
Central African Republic,2.69300007820129,0.0,0.0187726859003305,0.270842045545578,0.0565650761127472,0.280876487493515,0.0,2017
Finland,7.632,1.305,0.874,0.681,0.393,0.202,1.592,2018
Norway,7.594,1.456,0.861,0.686,0.34,0.286,1.582,2018
Denmark,7.555,1.351,0.868,0.683,0.408,0.284,1.59,2018
Iceland,7.495,1.343,0.914,0.677,0.138,0.353,1.644,2018
Switzerland,7.487,1.42,0.927,0.66,0.357,0.256,1.549,2018
Netherlands,7.441,1.361,0.878,0.638,0.295,0.333,1.488,2018
Canada,7.328,1.33,0.896,0.653,0.291,0.321,1.532,2018
New Zealand,7.324,1.268,0.876,0.669,0.389,0.365,1.601,2018
Sweden,7.314,1.355,0.913,0.659,0.383,0.285,1.501,2018
Australia,7.272,1.34,0.91,0.647,0.302,0.361,1.573,2018
United Kingdom,7.19,1.244,0.888,0.464,0.082,0.262,1.433,2018
Austria,7.139,1.341,0.891,0.617,0.224,0.242,1.504,2018
Costa Rica,7.072,1.01,0.817,0.632,0.101,0.143,1.459,2018
Ireland,6.977,1.448,0.876,0.614,0.306,0.307,1.583,2018
Germany,6.965,1.34,0.861,0.586,0.28,0.273,1.474,2018
Belgium,6.927,1.324,0.894,0.583,0.24,0.188,1.483,2018
Luxembourg,6.91,1.576,0.896,0.632,0.321,0.196,1.52,2018
United States,6.886,1.398,0.819,0.547,0.133,0.291,1.471,2018
Israel,6.814,1.301,0.883,0.533,0.272,0.354,1.559,2018
United Arab Emirates,6.774,2.096,0.67,0.284,,0.186,0.776,2018
Czech Republic,6.711,1.233,0.854,0.543,0.034,0.064,1.489,2018
Malta,6.627,1.27,0.884,0.645,0.142,0.376,1.525,2018
France,6.489,1.293,0.908,0.52,0.176,0.098,1.466,2018
Mexico,6.488,1.038,0.761,0.479,0.095,0.069,1.252,2018
Chile,6.476,1.131,0.808,0.431,0.061,0.197,1.331,2018
Taiwan,6.441,1.365,0.857,0.418,0.078,0.151,1.436,2018
Panama,6.43,1.112,0.759,0.597,0.063,0.125,1.438,2018
Brazil,6.419,0.986,0.675,0.493,0.088,0.11,1.474,2018
Argentina,6.388,1.073,0.744,0.57,0.054,0.062,1.468,2018
Guatemala,6.382,0.781,0.608,0.604,0.071,0.179,1.268,2018
Uruguay,6.379,1.093,0.771,0.625,0.155,0.13,1.459,2018
Qatar,6.374,1.649,0.748,0.654,0.171,0.256,1.303,2018
Saudi Arabia,6.371,1.379,0.633,0.509,0.127,0.098,1.331,2018
Singapore,6.343,1.529,1.008,0.631,0.457,0.261,1.451,2018
Malaysia,6.322,1.161,0.669,0.356,0.059,0.311,1.258,2018
Spain,6.31,1.251,0.965,0.449,0.074,0.142,1.538,2018
Colombia,6.26,0.96,0.635,0.531,0.039,0.099,1.439,2018
Trinidad & Tobago,6.192,1.223,0.564,0.575,0.019,0.171,1.492,2018
Slovakia,6.173,1.21,0.776,0.354,0.014,0.118,1.537,2018
El Salvador,6.167,0.806,0.639,0.461,0.082,0.065,1.231,2018
Nicaragua,6.141,0.668,0.7,0.527,0.128,0.208,1.319,2018
Poland,6.123,1.176,0.781,0.546,0.064,0.108,1.448,2018
Bahrain,6.105,1.338,0.698,0.594,0.123,0.243,1.366,2018
Uzbekistan,6.096,0.719,0.605,0.724,0.259,0.328,1.584,2018
Kuwait,6.083,1.474,0.675,0.554,0.106,0.167,1.301,2018
Thailand,6.072,1.016,0.707,0.637,0.029,0.364,1.417,2018
Italy,6.0,1.264,0.946,0.281,0.028,0.137,1.501,2018
Ecuador,5.973,0.889,0.736,0.556,0.12,0.114,1.33,2018
Belize,5.956,0.807,0.474,0.593,0.089,0.183,1.101,2018
Lithuania,5.952,1.197,0.716,0.35,0.006,0.026,1.527,2018
Slovenia,5.948,1.219,0.856,0.633,0.051,0.16,1.506,2018
Romania,5.945,1.116,0.726,0.528,0.001,0.088,1.219,2018
Latvia,5.933,1.148,0.671,0.363,0.066,0.092,1.454,2018
Japan,5.915,1.294,0.988,0.553,0.15,0.079,1.462,2018
Mauritius,5.891,1.09,0.684,0.584,0.05,0.245,1.387,2018
Jamaica,5.89,0.819,0.693,0.575,0.031,0.096,1.493,2018
South Korea,5.875,1.266,0.955,0.244,0.051,0.175,1.204,2018
Northern Cyprus,5.835,1.229,0.909,0.495,0.154,0.179,1.211,2018
Russia,5.81,1.151,0.599,0.399,0.025,0.065,1.479,2018
Kazakhstan,5.79,1.143,0.631,0.454,0.121,0.148,1.516,2018
Cyprus,5.762,1.229,0.909,0.423,0.035,0.202,1.191,2018
Bolivia,5.752,0.751,0.508,0.606,0.054,0.141,1.223,2018
Estonia,5.739,1.2,0.737,0.553,0.174,0.086,1.532,2018
Paraguay,5.681,0.835,0.615,0.541,0.074,0.162,1.522,2018
Peru,5.663,0.934,0.674,0.53,0.034,0.092,1.249,2018
Kosovo,5.662,0.855,0.578,0.448,0.023,0.274,1.23,2018
Moldova,5.64,0.657,0.62,0.232,0.0,0.171,1.301,2018
Turkmenistan,5.636,1.016,0.517,0.417,0.037,0.199,1.533,2018
Hungary,5.62,1.171,0.732,0.259,0.022,0.061,1.401,2018
Libya,5.566,0.985,0.553,0.496,0.148,0.116,1.35,2018
Philippines,5.524,0.775,0.513,0.643,0.105,0.12,1.312,2018
Honduras,5.504,0.62,0.622,0.459,0.074,0.197,1.205,2018
Belarus,5.483,1.039,0.7,0.307,0.154,0.101,1.498,2018
Turkey,5.483,1.148,0.686,0.324,0.109,0.106,1.38,2018
Pakistan,5.472,0.652,0.424,0.334,0.113,0.216,0.81,2018
Hong Kong,5.43,1.405,1.03,0.524,0.291,0.246,1.29,2018
Portugal,5.41,1.188,0.884,0.562,0.017,0.055,1.429,2018
Serbia,5.398,0.975,0.685,0.288,0.043,0.134,1.369,2018
Greece,5.358,1.154,0.879,0.131,0.044,0.0,1.202,2018
Lebanon,5.358,0.965,0.785,0.503,0.136,0.214,1.179,2018
Montenegro,5.347,1.017,0.729,0.259,0.081,0.111,1.279,2018
Croatia,5.321,1.115,0.737,0.38,0.039,0.12,1.161,2018
Dominican Republic,5.302,0.982,0.614,0.578,0.106,0.12,1.441,2018
Algeria,5.295,0.979,0.687,0.077,0.135,0.055,1.154,2018
Morocco,5.254,0.779,0.669,0.46,0.074,0.026,0.797,2018
China,5.246,0.989,0.799,0.597,0.103,0.029,1.142,2018
Azerbaijan,5.201,1.024,0.603,0.43,0.176,0.031,1.161,2018
Tajikistan,5.199,0.474,0.598,0.292,0.034,0.187,1.166,2018
Macedonia,5.185,0.959,0.691,0.394,0.052,0.173,1.239,2018
Jordan,5.161,0.822,0.645,0.468,0.134,0.13,1.265,2018
Nigeria,5.155,0.689,0.048,0.462,0.032,0.201,1.172,2018
Kyrgyzstan,5.131,0.53,0.594,0.54,0.035,0.281,1.416,2018
Bosnia and Herzegovina,5.129,0.915,0.758,0.28,0.0,0.216,1.078,2018
Mongolia,5.125,0.914,0.575,0.395,0.032,0.253,1.517,2018
Vietnam,5.103,0.715,0.702,0.618,0.079,0.177,1.365,2018
Indonesia,5.093,0.899,0.522,0.538,0.018,0.484,1.215,2018
Bhutan,5.082,0.796,0.527,0.541,0.171,0.364,1.335,2018
Somalia,4.982,0.0,0.115,0.674,0.282,0.238,0.712,2018
Cameroon,4.975,0.535,0.182,0.454,0.043,0.183,0.891,2018
Bulgaria,4.933,1.054,0.712,0.359,0.009,0.064,1.515,2018
Nepal,4.88,0.425,0.539,0.526,0.078,0.302,1.228,2018
Venezuela,4.806,0.996,0.657,0.133,0.052,0.056,1.469,2018
Gabon,4.758,1.036,0.404,0.356,0.052,0.032,1.164,2018
Palestinian Territories,4.743,0.642,0.602,0.266,0.076,0.086,1.217,2018
South Africa,4.724,0.94,0.33,0.516,0.056,0.103,1.41,2018
Iran,4.707,1.059,0.691,0.459,0.129,0.282,0.771,2018
Ivory Coast,4.671,0.541,0.08,0.467,0.103,0.146,0.872,2018
Ghana,4.657,0.592,0.337,0.499,0.029,0.212,0.896,2018
Senegal,4.631,0.429,0.433,0.406,0.082,0.138,1.117,2018
Laos,4.623,0.72,0.441,0.626,0.174,0.23,1.034,2018
Tunisia,4.592,0.9,0.69,0.271,0.063,0.04,0.906,2018
Albania,4.586,0.916,0.79,0.419,0.032,0.149,0.817,2018
Sierra Leone,4.571,0.256,0.0,0.355,0.053,0.238,0.813,2018
Congo (Brazzaville),4.559,0.682,0.343,0.514,0.077,0.091,0.811,2018
Bangladesh,4.5,0.532,0.579,0.58,0.144,0.153,0.85,2018
Sri Lanka,4.471,0.918,0.672,0.585,0.05,0.307,1.314,2018
Iraq,4.456,1.01,0.536,0.304,0.095,0.148,0.971,2018
Mali,4.447,0.37,0.152,0.367,0.056,0.139,1.233,2018
Namibia,4.441,0.874,0.365,0.519,0.064,0.051,1.281,2018
Cambodia,4.433,0.549,0.457,0.696,0.065,0.256,1.088,2018
Burkina Faso,4.424,0.314,0.254,0.312,0.128,0.175,1.097,2018
Egypt,4.419,0.885,0.553,0.312,0.107,0.092,1.025,2018
Mozambique,4.417,0.198,0.173,0.531,0.158,0.206,0.902,2018
Kenya,4.41,0.493,0.454,0.504,0.055,0.352,1.048,2018
Zambia,4.377,0.562,0.295,0.503,0.082,0.221,1.047,2018
Mauritania,4.356,0.557,0.292,0.129,0.093,0.134,1.245,2018
Ethiopia,4.35,0.308,0.391,0.452,0.146,0.22,0.95,2018
Georgia,4.34,0.853,0.643,0.375,0.215,0.038,0.592,2018
Armenia,4.321,0.816,0.666,0.26,0.028,0.077,0.99,2018
Myanmar,4.308,0.682,0.429,0.58,0.178,0.598,1.174,2018
Chad,4.301,0.358,0.053,0.189,0.06,0.181,0.907,2018
Congo (Kinshasa),4.245,0.069,0.204,0.312,0.052,0.197,1.136,2018
India,4.19,0.721,0.485,0.539,0.093,0.172,0.747,2018
Niger,4.166,0.131,0.221,0.39,0.099,0.175,0.867,2018
Uganda,4.161,0.322,0.237,0.45,0.061,0.259,1.09,2018
Benin,4.141,0.378,0.24,0.44,0.067,0.163,0.372,2018
Sudan,4.139,0.605,0.312,0.016,0.082,0.134,1.24,2018
Ukraine,4.103,0.793,0.609,0.163,0.011,0.187,1.413,2018
Togo,3.999,0.259,0.253,0.434,0.101,0.158,0.474,2018
Guinea,3.964,0.344,0.211,0.394,0.094,0.185,0.792,2018
Lesotho,3.808,0.472,0.079,0.423,0.112,0.116,1.215,2018
Angola,3.795,0.73,0.269,0.0,0.061,0.079,1.125,2018
Madagascar,3.774,0.262,0.402,0.221,0.049,0.155,0.908,2018
Zimbabwe,3.692,0.357,0.248,0.406,0.099,0.132,1.094,2018
Afghanistan,3.632,0.332,0.255,0.085,0.036,0.191,0.537,2018
Botswana,3.59,1.017,0.417,0.557,0.092,0.042,1.174,2018
Malawi,3.587,0.186,0.306,0.531,0.08,0.21,0.541,2018
Haiti,3.582,0.315,0.289,0.025,0.104,0.392,0.714,2018
Liberia,3.495,0.076,0.267,0.419,0.03,0.206,0.858,2018
Syria,3.462,0.689,0.539,0.088,0.144,0.376,0.382,2018
Rwanda,3.408,0.332,0.4,0.636,0.444,0.2,0.896,2018
Yemen,3.355,0.442,0.343,0.244,0.064,0.083,1.073,2018
Tanzania,3.303,0.455,0.381,0.481,0.097,0.27,0.991,2018
South Sudan,3.254,0.337,0.177,0.112,0.106,0.224,0.608,2018
Central African Republic,3.083,0.024,0.01,0.305,0.038,0.218,0.0,2018
Burundi,2.905,0.091,0.145,0.065,0.076,0.149,0.627,2018
Finland,7.769,1.34,0.986,0.596,0.393,0.153,1.587,2019
Denmark,7.6,1.383,0.996,0.592,0.41,0.252,1.573,2019
Norway,7.554,1.488,1.028,0.603,0.341,0.271,1.582,2019
Iceland,7.494,1.38,1.026,0.591,0.118,0.354,1.624,2019
Netherlands,7.488,1.396,0.999,0.557,0.298,0.322,1.522,2019
Switzerland,7.48,1.452,1.052,0.572,0.343,0.263,1.526,2019
Sweden,7.343,1.387,1.009,0.574,0.373,0.267,1.487,2019
New Zealand,7.307,1.303,1.026,0.585,0.38,0.33,1.557,2019
Canada,7.278,1.365,1.039,0.584,0.308,0.285,1.505,2019
Austria,7.246,1.376,1.016,0.532,0.226,0.244,1.475,2019
Australia,7.228,1.372,1.036,0.557,0.29,0.332,1.548,2019
Costa Rica,7.167,1.034,0.963,0.558,0.093,0.144,1.441,2019
Israel,7.139,1.276,1.029,0.371,0.082,0.261,1.455,2019
Luxembourg,7.09,1.609,1.012,0.526,0.316,0.194,1.479,2019
United Kingdom,7.054,1.333,0.996,0.45,0.278,0.348,1.538,2019
Ireland,7.021,1.499,0.999,0.516,0.31,0.298,1.553,2019
Germany,6.985,1.373,0.987,0.495,0.265,0.261,1.454,2019
Belgium,6.923,1.356,0.986,0.473,0.21,0.16,1.504,2019
United States,6.892,1.433,0.874,0.454,0.128,0.28,1.457,2019
Czech Republic,6.852,1.269,0.92,0.457,0.036,0.046,1.487,2019
United Arab Emirates,6.825,1.503,0.825,0.598,0.182,0.262,1.31,2019
Malta,6.726,1.3,0.999,0.564,0.151,0.375,1.52,2019
Mexico,6.595,1.07,0.861,0.433,0.073,0.074,1.323,2019
France,6.592,1.324,1.045,0.436,0.183,0.111,1.472,2019
Taiwan,6.446,1.368,0.914,0.351,0.097,0.242,1.43,2019
Chile,6.444,1.159,0.92,0.357,0.056,0.187,1.369,2019
Guatemala,6.436,0.8,0.746,0.535,0.078,0.175,1.269,2019
Saudi Arabia,6.375,1.403,0.795,0.439,0.132,0.08,1.357,2019
Qatar,6.374,1.684,0.871,0.555,0.167,0.22,1.313,2019
Spain,6.354,1.286,1.062,0.362,0.079,0.153,1.484,2019
Panama,6.321,1.149,0.91,0.516,0.054,0.109,1.442,2019
Brazil,6.3,1.004,0.802,0.39,0.086,0.099,1.439,2019
Uruguay,6.293,1.124,0.891,0.523,0.15,0.127,1.465,2019
Singapore,6.262,1.572,1.141,0.556,0.453,0.271,1.463,2019
El Salvador,6.253,0.794,0.789,0.43,0.074,0.093,1.242,2019
Italy,6.223,1.294,1.039,0.231,0.03,0.158,1.488,2019
Bahrain,6.199,1.362,0.871,0.536,0.11,0.255,1.368,2019
Slovakia,6.198,1.246,0.881,0.334,0.014,0.121,1.504,2019
Trinidad & Tobago,6.192,1.231,0.713,0.489,0.016,0.185,1.477,2019
Poland,6.182,1.206,0.884,0.483,0.05,0.117,1.438,2019
Uzbekistan,6.174,0.745,0.756,0.631,0.24,0.322,1.529,2019
Lithuania,6.149,1.238,0.818,0.291,0.042,0.043,1.515,2019
Colombia,6.125,0.985,0.841,0.47,0.034,0.099,1.41,2019
Slovenia,6.118,1.258,0.953,0.564,0.057,0.144,1.523,2019
Nicaragua,6.105,0.694,0.835,0.435,0.127,0.2,1.325,2019
Kosovo,6.1,0.882,0.758,0.489,0.006,0.262,1.232,2019
Argentina,6.086,1.092,0.881,0.471,0.05,0.066,1.432,2019
Romania,6.07,1.162,0.825,0.462,0.005,0.083,1.232,2019
Cyprus,6.046,1.263,1.042,0.406,0.041,0.19,1.223,2019
Ecuador,6.028,0.912,0.868,0.498,0.087,0.126,1.312,2019
Kuwait,6.021,1.5,0.808,0.493,0.097,0.142,1.319,2019
Thailand,6.008,1.05,0.828,0.557,0.028,0.359,1.409,2019
Latvia,5.94,1.187,0.812,0.264,0.064,0.075,1.465,2019
South Korea,5.895,1.301,1.036,0.159,0.056,0.175,1.219,2019
Estonia,5.893,1.237,0.874,0.495,0.161,0.103,1.528,2019
Jamaica,5.89,0.831,0.831,0.49,0.028,0.107,1.478,2019
Mauritius,5.888,1.12,0.798,0.498,0.06,0.215,1.402,2019
Japan,5.886,1.327,1.088,0.445,0.14,0.069,1.419,2019
Honduras,5.86,0.642,0.828,0.507,0.078,0.246,1.236,2019
Kazakhstan,5.809,1.173,0.729,0.41,0.096,0.146,1.508,2019
Bolivia,5.779,0.776,0.706,0.511,0.064,0.137,1.209,2019
Hungary,5.758,1.201,0.828,0.199,0.02,0.081,1.41,2019
Paraguay,5.743,0.855,0.777,0.514,0.08,0.184,1.475,2019
Northern Cyprus,5.718,1.263,1.042,0.417,0.162,0.191,1.252,2019
Peru,5.697,0.96,0.854,0.455,0.027,0.083,1.274,2019
Portugal,5.693,1.221,0.999,0.508,0.025,0.047,1.431,2019
Pakistan,5.653,0.677,0.535,0.313,0.098,0.22,0.886,2019
Russia,5.648,1.183,0.726,0.334,0.031,0.082,1.452,2019
Philippines,5.631,0.807,0.657,0.558,0.107,0.117,1.293,2019
Serbia,5.603,1.004,0.854,0.282,0.039,0.137,1.383,2019
Moldova,5.529,0.685,0.739,0.245,0.0,0.181,1.328,2019
Libya,5.525,1.044,0.673,0.416,0.152,0.133,1.303,2019
Montenegro,5.523,1.051,0.871,0.197,0.08,0.142,1.361,2019
Tajikistan,5.467,0.493,0.718,0.389,0.144,0.23,1.098,2019
Croatia,5.432,1.155,0.914,0.296,0.022,0.119,1.266,2019
Hong Kong,5.43,1.438,1.122,0.44,0.287,0.258,1.277,2019
Dominican Republic,5.425,1.015,0.779,0.497,0.101,0.113,1.401,2019
Bosnia and Herzegovina,5.386,0.945,0.845,0.212,0.006,0.263,1.212,2019
Turkey,5.373,1.183,0.808,0.195,0.106,0.083,1.36,2019
Malaysia,5.339,1.221,0.828,0.508,0.024,0.26,1.171,2019
Belarus,5.323,1.067,0.789,0.235,0.142,0.094,1.465,2019
Greece,5.287,1.181,0.999,0.067,0.034,0.0,1.156,2019
Mongolia,5.285,0.948,0.667,0.317,0.038,0.235,1.531,2019
North Macedonia,5.274,0.983,0.838,0.345,0.034,0.185,1.294,2019
Nigeria,5.265,0.696,0.245,0.426,0.041,0.215,1.111,2019
Kyrgyzstan,5.261,0.551,0.723,0.508,0.023,0.3,1.438,2019
Turkmenistan,5.247,1.052,0.657,0.394,0.028,0.244,1.538,2019
Algeria,5.211,1.002,0.785,0.086,0.114,0.073,1.16,2019
Morocco,5.208,0.801,0.782,0.418,0.076,0.036,0.782,2019
Azerbaijan,5.208,1.043,0.769,0.351,0.182,0.035,1.147,2019
Lebanon,5.197,0.987,0.815,0.216,0.027,0.166,1.224,2019
Indonesia,5.192,0.931,0.66,0.491,0.028,0.498,1.203,2019
China,5.191,1.029,0.893,0.521,0.1,0.058,1.125,2019
Vietnam,5.175,0.741,0.851,0.543,0.073,0.147,1.346,2019
Bhutan,5.082,0.813,0.604,0.457,0.167,0.37,1.321,2019
Cameroon,5.044,0.549,0.331,0.381,0.037,0.187,0.91,2019
Bulgaria,5.011,1.092,0.815,0.311,0.004,0.081,1.513,2019
Ghana,4.996,0.611,0.486,0.381,0.04,0.245,0.868,2019
Ivory Coast,4.944,0.569,0.232,0.352,0.09,0.154,0.808,2019
Nepal,4.913,0.446,0.677,0.439,0.089,0.285,1.226,2019
Jordan,4.906,0.837,0.815,0.383,0.13,0.11,1.225,2019
Benin,4.883,0.393,0.397,0.349,0.082,0.175,0.437,2019
Congo (Brazzaville),4.812,0.673,0.508,0.372,0.093,0.105,0.799,2019
Gabon,4.799,1.057,0.571,0.295,0.055,0.043,1.183,2019
Laos,4.796,0.764,0.551,0.547,0.164,0.266,1.03,2019
South Africa,4.722,0.96,0.469,0.389,0.055,0.13,1.351,2019
Albania,4.719,0.947,0.874,0.383,0.027,0.178,0.848,2019
Venezuela,4.707,0.96,0.805,0.154,0.047,0.064,1.427,2019
Cambodia,4.7,0.574,0.637,0.609,0.062,0.232,1.122,2019
Palestinian Territories,4.696,0.657,0.672,0.225,0.066,0.103,1.247,2019
Senegal,4.681,0.45,0.571,0.292,0.072,0.153,1.134,2019
Somalia,4.668,0.0,0.268,0.559,0.27,0.243,0.698,2019
Namibia,4.639,0.879,0.477,0.401,0.056,0.07,1.313,2019
Niger,4.628,0.138,0.366,0.318,0.102,0.188,0.774,2019
Burkina Faso,4.587,0.331,0.38,0.255,0.113,0.177,1.056,2019
Armenia,4.559,0.85,0.815,0.283,0.064,0.095,1.055,2019
Iran,4.548,1.1,0.785,0.305,0.125,0.27,0.842,2019
Guinea,4.534,0.38,0.375,0.332,0.086,0.207,0.829,2019
Georgia,4.519,0.886,0.752,0.346,0.164,0.043,0.666,2019
Gambia,4.516,0.308,0.428,0.382,0.167,0.269,0.939,2019
Kenya,4.509,0.512,0.581,0.431,0.053,0.372,0.983,2019
Mauritania,4.49,0.57,0.489,0.066,0.088,0.106,1.167,2019
Mozambique,4.466,0.204,0.39,0.494,0.138,0.197,0.986,2019
Tunisia,4.461,0.921,0.815,0.167,0.055,0.059,1.0,2019
Bangladesh,4.456,0.562,0.723,0.527,0.143,0.166,0.928,2019
Iraq,4.437,1.043,0.574,0.241,0.089,0.148,0.98,2019
Congo (Kinshasa),4.418,0.094,0.357,0.269,0.053,0.212,1.125,2019
Mali,4.39,0.385,0.308,0.327,0.052,0.153,1.105,2019
Sierra Leone,4.374,0.268,0.242,0.309,0.045,0.252,0.841,2019
Sri Lanka,4.366,0.949,0.831,0.47,0.047,0.244,1.265,2019
Myanmar,4.36,0.71,0.555,0.525,0.172,0.566,1.181,2019
Chad,4.35,0.35,0.192,0.174,0.078,0.198,0.766,2019
Ukraine,4.332,0.82,0.739,0.178,0.01,0.187,1.39,2019
Ethiopia,4.286,0.336,0.532,0.344,0.1,0.209,1.033,2019
Swaziland,4.212,0.811,0.0,0.313,0.135,0.074,1.149,2019
Uganda,4.189,0.332,0.443,0.356,0.06,0.252,1.069,2019
Egypt,4.166,0.913,0.644,0.241,0.067,0.076,1.039,2019
Zambia,4.107,0.578,0.426,0.431,0.087,0.247,1.058,2019
Togo,4.085,0.275,0.41,0.293,0.085,0.177,0.572,2019
India,4.015,0.755,0.588,0.498,0.085,0.2,0.765,2019
Liberia,3.975,0.073,0.443,0.37,0.033,0.233,0.922,2019
Comoros,3.973,0.274,0.505,0.142,0.078,0.275,0.757,2019
Madagascar,3.933,0.274,0.555,0.148,0.041,0.169,0.916,2019
Lesotho,3.802,0.489,0.168,0.359,0.093,0.107,1.169,2019
Burundi,3.775,0.046,0.38,0.22,0.18,0.176,0.447,2019
Zimbabwe,3.663,0.366,0.433,0.361,0.089,0.151,1.114,2019
Haiti,3.597,0.323,0.449,0.026,0.11,0.419,0.688,2019
Botswana,3.488,1.041,0.538,0.455,0.1,0.025,1.145,2019
Syria,3.462,0.619,0.44,0.013,0.141,0.331,0.378,2019
Malawi,3.41,0.191,0.495,0.443,0.089,0.218,0.56,2019
Yemen,3.38,0.287,0.463,0.143,0.077,0.108,1.163,2019
Rwanda,3.334,0.359,0.614,0.555,0.411,0.217,0.711,2019
Tanzania,3.231,0.476,0.499,0.417,0.147,0.276,0.885,2019
Afghanistan,3.203,0.35,0.361,0.0,0.025,0.158,0.517,2019
Central African Republic,3.083,0.026,0.105,0.225,0.035,0.235,0.0,2019
South Sudan,2.853,0.306,0.295,0.01,0.091,0.202,0.575,2019
Finland,7.808700085,10.63926697,71.9008255,0.949172199,0.195444584,-0.059482019,0.954329729,2020
Denmark,7.645599842,10.77400112,72.40250397,0.951444268,0.168489456,0.066201776,0.955990791,2020
Switzerland,7.559899807,10.97993279,74.10244751,0.921336651,0.303728431,0.105911039,0.942846596,2020
Iceland,7.504499912,10.77255917,73.0,0.948891878,0.711709738,0.246944219,0.974669576,2020
Norway,7.487999916,11.08780384,73.20078278,0.955750287,0.263218194,0.13453263,0.952486575,2020
Netherlands,7.448900223,10.81271172,72.30091858,0.908547819,0.364717126,0.20761244,0.93913883,2020
Sweden,7.353499889,10.75879383,72.60076904,0.939144194,0.250880182,0.111614622,0.926311195,2020
New Zealand,7.299600124,10.50094318,73.20262909,0.936217487,0.22113885,0.191598073,0.949118972,2020
Austria,7.294199944,10.7428236,73.00250244,0.899989486,0.499954879,0.085429221,0.928045869,2020
Luxembourg,7.237500191,11.45068073,72.59999847,0.90563643,0.367084295,-0.004620588,0.906912208,2020
Canada,7.23210001,10.69236851,73.60160065,0.933913231,0.390843362,0.124770768,0.927176654,2020
Australia,7.222799778,10.72059631,73.60453796,0.915431738,0.41516912,0.19046016,0.944854617,2020
United Kingdom,7.164500237,10.60013485,72.30160522,0.834743679,0.435915917,0.263732493,0.93668282,2020
Israel,7.128600121,10.41752529,73.20025635,0.747580588,0.78085506,0.10259372,0.913571239,2020
Costa Rica,7.121399879,9.658156395,71.29985046,0.934738934,0.786332428,-0.10242971,0.901545942,2020
Ireland,7.093699932,11.16097832,72.30078888,0.886982977,0.357184172,0.145784974,0.942081571,2020
Germany,7.075799942,10.7328186,72.20201874,0.867371082,0.456422031,0.080179386,0.898874462,2020
United States,6.939599991,10.92576885,68.29949951,0.842619538,0.699715316,0.149891734,0.914219022,2020
Czech Republic,6.910900116,10.40416336,70.04793549,0.818537354,0.85844624,-0.230861515,0.914430678,2020
Belgium,6.863500118,10.6736393,72.00164795,0.813582063,0.612297952,-0.078691199,0.911632538,2020
United Arab Emirates,6.790800095,11.1099987,67.08278656,0.941345513,0.594502211,0.123450845,0.849181116,2020
Malta,6.772799969,10.53383827,72.19999695,0.924911439,0.658547282,0.214965805,0.93037951,2020
France,6.663799763,10.58422279,73.80193329,0.825467646,0.583521128,-0.130641967,0.937103748,2020
Mexico,6.465000153,9.797797203,68.29902649,0.858709276,0.806821585,-0.175266623,0.838665426,2020
Taiwan Province of China,6.45539999,10.77568531,69.59999847,0.77153033,0.73188293,-0.073198698,0.894309103,2020
Uruguay,6.440100193,9.948192596,69.00254822,0.892395437,0.635994136,-0.101103112,0.92281127,2020
Saudi Arabia,6.406499863,10.79781246,66.30514526,0.854191244,0.682619512,-0.168695062,0.874067068,2020
Spain,6.400899887,10.46292686,74.40270996,0.751989543,0.765859902,-0.050961714,0.921125412,2020
Guatemala,6.398900032,8.924805641,64.8089447,0.908147573,0.783237457,-0.042938665,0.816621482,2020
Italy,6.38740015,10.48183632,73.60168457,0.66465199,0.873404682,-0.043460999,0.889878571,2020
Singapore,6.377099991,11.39552116,76.80458069,0.926645339,0.109784193,0.029879224,0.910268962,2020
Brazil,6.375599861,9.56643486,66.48016357,0.799804807,0.770601273,-0.101812392,0.896723807,2020
Slovenia,6.363399982,10.39232254,71.1029892,0.936142623,0.817071021,-0.080603383,0.939575672,2020
El Salvador,6.34829998,8.909075737,66.10826111,0.833805263,0.754319906,-0.121072978,0.806092262,2020
Kosovo,6.325200081,9.204429626,63.88555527,0.861535907,0.922328293,0.190933764,0.820726514,2020
Panama,6.304800034,10.03423405,69.60301208,0.880366504,0.851588905,-0.153927714,0.902094483,2020
Slovakia,6.280600071,10.34774971,68.90634155,0.749952674,0.918096125,-0.124409303,0.922493756,2020
Uzbekistan,6.257599831,8.740371704,65.10757446,0.974998116,0.501497388,0.248427153,0.926595807,2020
Chile,6.228499889,10.0320549,69.90061951,0.744896293,0.838239431,-0.065668367,0.879713595,2020
Bahrain,6.227300167,10.67638016,68.5,0.905855775,0.7393471,0.13372919,0.876342118,2020
Lithuania,6.215499878,10.34362602,67.29407501,0.747381449,0.809583843,-0.219725296,0.926107109,2020
Trinidad and Tobago,6.191899776,10.26000214,63.5,0.857907116,0.912230611,0.000526841,0.91529417,2020
Poland,6.186299801,10.26512432,69.31113434,0.862055779,0.686927021,-0.205084071,0.874257445,2020
Colombia,6.163400173,9.500369072,67.69958496,0.836179912,0.86457181,-0.161235645,0.884440243,2020
Cyprus,6.15899992,10.40570259,73.70222473,0.779858291,0.856271744,0.043731496,0.805996239,2020
Nicaragua,6.13710022,8.493160248,67.50717926,0.863902867,0.665950119,0.020959141,0.857497036,2020
Romania,6.123700142,10.107584,67.20723724,0.842823207,0.934300244,-0.19781521,0.825161517,2020
Kuwait,6.102099895,11.08982468,66.76764679,0.872366488,0.760849059,-0.100184701,0.846475244,2020
Mauritius,6.101299763,9.956786156,66.40434265,0.889534533,0.805343091,-0.018318573,0.910357833,2020
Kazakhstan,6.057899952,10.11465836,64.60996246,0.811601937,0.764490843,-0.068488635,0.934744895,2020
Estonia,6.021800041,10.34001732,68.60495758,0.87770915,0.623073816,-0.111697771,0.934729993,2020
Philippines,6.006000042,8.993545532,61.92676163,0.915463448,0.733634114,-0.105463006,0.846730053,2020
Hungary,6.000400066,10.24924374,67.60997009,0.718964577,0.892916501,-0.194323018,0.921934128,2020
Thailand,5.998799801,9.741791725,67.25059509,0.905063033,0.886272311,0.268685192,0.889973223,2020
Argentina,5.974699974,9.810955048,68.80380249,0.831132412,0.842009842,-0.194913864,0.900567949,2020
Honduras,5.953199863,8.424534798,67.19876862,0.870603263,0.801131904,0.086969115,0.821870148,2020
Latvia,5.949999809,10.17531967,66.8074646,0.671237648,0.795580089,-0.186888844,0.918288589,2020
Ecuador,5.925199986,9.246058464,68.50003815,0.859828949,0.801215112,-0.127014965,0.836418986,2020
Portugal,5.910900116,10.26374245,72.40202332,0.888747811,0.892629504,-0.220714301,0.886590719,2020
Jamaica,5.889800072,9.006250381,67.09999847,0.858068526,0.888890028,-0.125106767,0.915701866,2020
South Korea,5.872399807,10.51056671,73.6027298,0.612965107,0.789067447,-0.043404032,0.799387157,2020
Japan,5.870800018,10.57968903,75.00096893,0.809961379,0.654558063,-0.246910349,0.883545935,2020
Peru,5.796800137,9.456313133,68.10023499,0.824766099,0.893714964,-0.16238822,0.831075251,2020
Serbia,5.77820015,9.680980682,68.21020508,0.726495862,0.843509018,-0.073676221,0.881475747,2020
Bolivia,5.747499943,8.851115227,63.6004715,0.875873327,0.822606206,-0.09168113,0.803108692,2020
Pakistan,5.69329977,8.482727051,58.25313568,0.734833717,0.745705426,0.04489987,0.689062297,2020
Paraguay,5.692100048,9.389982224,65.63993835,0.885923445,0.834788501,0.007997713,0.898727894,2020
Dominican Republic,5.689199924,9.664880753,65.80748749,0.866202772,0.755999923,-0.131263286,0.882085383,2020
Bosnia and Herzegovina,5.674099922,9.455817223,67.80813599,0.651352704,0.933769107,0.098274559,0.829204142,2020
Moldova,5.607500076,8.776714325,65.01301575,0.721609175,0.913314283,-0.037741039,0.843313575,2020
Tajikistan,5.555699825,8.024810791,64.10459137,0.831383407,0.592076063,-0.025088511,0.835297108,2020
Montenegro,5.54610014,9.751860619,68.50534821,0.649565637,0.783121586,-0.075600356,0.855314612,2020
Russia,5.546000004,10.12887192,64.10045624,0.729892612,0.864802599,-0.151153743,0.903150737,2020
Kyrgyzstan,5.541500092,8.148405075,64.10601044,0.909374893,0.888396084,0.154772058,0.887228489,2020
Belarus,5.539899826,9.779945374,66.10433197,0.639163077,0.63571167,-0.164926544,0.90674746,2020
North Cyprus,5.53550005,10.40570259,73.70222473,0.79529351,0.62611568,0.000227159,0.820356607,2020
Greece,5.514999866,10.13232613,72.40525818,0.541345119,0.859931409,-0.300907373,0.814380348,2020
Hong Kong S.A.R. of China,5.510399818,10.9346714,76.77170563,0.779833794,0.420607209,0.134979904,0.845969081,2020
Croatia,5.504700184,10.07087517,70.21490479,0.714838803,0.916495264,-0.128538325,0.874623716,2020
Libya,5.488800049,9.789815903,62.29999924,0.773157001,0.668779135,-0.085054487,0.825942934,2020
Mongolia,5.456200123,9.412186623,62.30448532,0.693351328,0.863511205,0.098093867,0.937142491,2020
Malaysia,5.384300232,10.26251888,67.10215759,0.894626856,0.839302301,0.114726797,0.816509426,2020
Vietnam,5.353499889,8.809545517,67.9527359,0.939592957,0.79642123,-0.094533332,0.849987149,2020
Indonesia,5.285600185,9.36975193,62.15584946,0.870614409,0.876296401,0.519586504,0.808379889,2020
Ivory Coast,5.233300209,8.225561142,49.50377274,0.727909327,0.790771961,-0.043991156,0.658048689,2020
Benin,5.21600008,7.674319744,54.31246567,0.735182583,0.740532577,-0.003537213,0.468671143,2020
Maldives,5.197599888,9.518632889,70.59999847,0.853962779,0.824211061,0.038085498,0.91316092,2020
Congo (Brazzaville),5.194399834,8.536987305,57.92448044,0.719058514,0.751779079,-0.123674095,0.640228093,2020
Azerbaijan,5.164800167,9.687726974,65.50839996,0.786824107,0.55253756,-0.240255281,0.819308281,2020
Macedonia,5.159800053,9.510591507,67.50442505,0.738840938,0.897490501,-0.019877451,0.820392311,2020
Ghana,5.147999763,8.350645065,57.20398712,0.794796526,0.847964764,0.094170853,0.728601098,2020
Nepal,5.137199879,7.925357342,63.77917862,0.797565043,0.738099158,0.154168829,0.785512447,2020
Turkey,5.131800175,10.12941933,66.90281677,0.608830452,0.748197377,-0.171046436,0.826313555,2020
China,5.123899937,9.688568115,69.2891922,0.898517907,0.7539711,-0.18142575,0.798760593,2020
Turkmenistan,5.119100094,9.74803257,62.21170807,0.826457024,0.883691847,0.187671542,0.958966196,2020
Bulgaria,5.101500034,9.869318962,66.80397797,0.745178163,0.935585141,-0.143908441,0.937840343,2020
Morocco,5.094799995,8.940313339,65.89624023,0.772072434,0.815724611,-0.240377247,0.592628479,2020
Cameroon,5.084899902,8.118647575,52.7049408,0.763051808,0.851336598,-0.00149645,0.700386405,2020
Venezuela,5.053199768,8.977793694,66.50534058,0.62327832,0.837038398,-0.169090509,0.890408158,2020
Algeria,5.005099773,9.537964821,65.90517426,0.466610909,0.735485137,-0.121105164,0.803385139,2020
Senegal,4.980800152,8.118982315,59.59915161,0.690596163,0.808785141,-0.052335154,0.723616004,2020
Guinea,4.949299812,7.750990391,54.46780014,0.706846774,0.761794448,0.076328471,0.637573481,2020
Niger,4.909599781,6.842166901,53.50009537,0.759772122,0.722530186,0.013860817,0.617435038,2020
Laos,4.888599873,8.79858017,58.70992279,0.907213569,0.634679317,0.11137148,0.737502217,2020
Albania,4.882699966,9.417930603,68.70813751,0.781994224,0.896303713,-0.042309489,0.671070457,2020
Cambodia,4.848400116,8.249890327,61.52996826,0.959704638,0.822769046,0.051911179,0.773080647,2020
Bangladesh,4.832799911,8.287063599,64.50306702,0.90062499,0.661843538,-0.033664726,0.687292993,2020
Gabon,4.829299927,9.680537224,59.71533966,0.704829216,0.849150956,-0.222261623,0.787886858,2020
South Africa,4.814099789,9.403370857,56.50601196,0.759330094,0.843423843,-0.109777324,0.852532268,2020
Iraq,4.784800053,9.661095619,59.90354919,0.633182645,0.82226181,-0.06956476,0.747694969,2020
Lebanon,4.771500111,9.3617239,67.10658264,0.551357508,0.90225625,-0.06121527,0.824338138,2020
Burkina Faso,4.768700123,7.46854496,53.88945389,0.665563583,0.739795029,-0.019080516,0.712943614,2020
Gambia,4.750599861,7.321814537,55.0120163,0.733163178,0.690717816,0.343198717,0.6931687,2020
Mali,4.729300022,7.629852295,51.72698212,0.71156615,0.839328408,-0.044366926,0.731468976,2020
Nigeria,4.724100113,8.57662487,49.86190796,0.759578407,0.861874342,0.033745807,0.73721689,2020
Armenia,4.676799774,9.100476265,66.75065613,0.712017834,0.773544788,-0.13877961,0.757479429,2020
Georgia,4.672599792,9.226100922,64.49520874,0.801641524,0.665944695,-0.22892037,0.629033029,2020
Iran,4.672399998,9.813719749,66.00614929,0.647873282,0.714635968,0.117891103,0.694689691,2020
Jordan,4.633399963,9.025999069,66.79975128,0.75104779,0.700344324,-0.162565202,0.80216372,2020
Mozambique,4.623600006,7.069345951,54.20582199,0.864451885,0.683019102,0.032375868,0.723874032,2020
Kenya,4.583000183,8.02977562,60.09693146,0.829747558,0.831499159,0.294681519,0.702652037,2020
Namibia,4.571100235,9.203141212,56.50148773,0.767520964,0.851449788,-0.18530646,0.846880972,2020
Ukraine,4.56069994,9.010690689,64.60678101,0.663081884,0.920636714,-0.030933706,0.878879368,2020
Liberia,4.557899952,7.054380417,56.09631348,0.735268712,0.856375933,0.04227322,0.70928055,2020
Palestinian Territories,4.552800179,8.389223099,62.25,0.645791829,0.824199975,-0.162079096,0.825295925,2020
Uganda,4.43200016,7.500389576,55.70820236,0.731713951,0.836737812,0.099487431,0.764994621,2020
Chad,4.422699928,7.467963696,48.22053909,0.587305248,0.802760839,0.017834719,0.632388055,2020
Tunisia,4.392199993,9.314972878,66.89785767,0.593361557,0.867590249,-0.216413811,0.688718557,2020
Mauritania,4.374599934,8.233919144,57.01017761,0.551522553,0.746223509,-0.106008142,0.790819228,2020
Sri Lanka,4.327000141,9.389969826,67.20006561,0.837633669,0.859001756,0.081129618,0.825374067,2020
Congo (Kinshasa),4.31099987,6.694256306,52.90000153,0.700793564,0.809403598,0.083637655,0.672159016,2020
Swaziland,4.308100224,9.16267395,51.18823624,0.646822274,0.708263338,-0.19920142,0.770290196,2020
Myanmar,4.308000088,8.680481911,58.96171188,0.895075202,0.645124316,0.560663998,0.78440702,2020
Comoros,4.288599968,7.833630085,57.34901047,0.547612607,0.780622602,0.090008408,0.625662446,2020
Togo,4.187200069,7.357711315,54.71989822,0.649828613,0.757733464,0.002667875,0.551312625,2020
Ethiopia,4.186200142,7.509385586,58.63959122,0.740795195,0.753690004,0.043377332,0.743307352,2020
Madagascar,4.165599823,7.281685829,59.10542679,0.557574093,0.817485631,-0.011823639,0.668195903,2020
Egypt,4.151400089,9.316541672,61.78015137,0.708354175,0.787726879,-0.196878314,0.735447824,2020
Sierra Leone,3.926399946,7.26880312,50.86514282,0.715315044,0.861330688,0.088660747,0.636142015,2020
Burundi,3.775300026,6.492642403,53.40000153,0.626350224,0.606934547,-0.017551597,0.490325719,2020
Zambia,3.759399891,8.224720001,55.29937744,0.806500256,0.801289678,0.078037128,0.698824465,2020
Haiti,3.720799923,7.411329269,55.59862518,0.537825167,0.684767246,0.40053457,0.593247831,2020
Lesotho,3.652800083,7.960488319,48.00362396,0.738125861,0.857392073,-0.145732045,0.780495703,2020
India,3.573299885,8.849823952,60.21518707,0.881444871,0.772042692,0.057551607,0.592200935,2020
Malawi,3.538000107,7.062226295,57.59288788,0.803223193,0.731700778,0.021433279,0.544007301,2020
Yemen,3.527400017,7.759682655,56.72728348,0.599920273,0.800287724,-0.157735437,0.817980587,2020
Botswana,3.478899956,9.711203575,58.92445374,0.821328104,0.777930915,-0.250394493,0.779121757,2020
Tanzania,3.476200104,7.967665195,57.49607468,0.82153976,0.619799435,0.109668687,0.688933194,2020
Central African Republic,3.475899935,6.625160217,45.20000076,0.640880644,0.891806662,0.082410358,0.319459856,2020
Rwanda,3.312299967,7.600104332,61.09884644,0.900589406,0.183541179,0.055483952,0.54083544,2020
Zimbabwe,3.299200058,7.865711689,55.61725998,0.711457908,0.81023699,-0.072063953,0.763092756,2020
South Sudan,2.816600084,7.425359726,51.0,0.451313615,0.763417304,0.016518548,0.553707123,2020
Afghanistan,2.566900015,7.462860584,52.59000015,0.396573007,0.933686554,-0.0964294,0.470366955,2020
Finland,7.842,10.775,72.0,0.949,0.186,-0.098,0.954,2021
Denmark,7.62,10.933,72.7,0.946,0.179,0.03,0.954,2021
Switzerland,7.571,11.117,74.4,0.919,0.292,0.025,0.942,2021
Iceland,7.554,10.878,73.0,0.955,0.673,0.16,0.983,2021
Netherlands,7.464,10.932,72.4,0.913,0.338,0.175,0.942,2021
Norway,7.392,11.053,73.3,0.96,0.27,0.093,0.954,2021
Sweden,7.363,10.867,72.7,0.945,0.237,0.086,0.934,2021
Luxembourg,7.324,11.647,72.6,0.907,0.386,-0.034,0.908,2021
New Zealand,7.277,10.643,73.4,0.929,0.242,0.134,0.948,2021
Austria,7.268,10.906,73.3,0.908,0.481,0.042,0.934,2021
Australia,7.183,10.796,73.9,0.914,0.442,0.159,0.94,2021
Israel,7.157,10.575,73.503,0.8,0.753,0.031,0.939,2021
Germany,7.155,10.873,72.5,0.875,0.46,0.011,0.903,2021
Canada,7.103,10.776,73.8,0.915,0.415,0.089,0.926,2021
Ireland,7.085,11.342,72.4,0.879,0.363,0.077,0.947,2021
Costa Rica,7.069,9.88,71.4,0.934,0.809,-0.126,0.891,2021
United Kingdom,7.064,10.707,72.5,0.859,0.459,0.233,0.934,2021
Czech Republic,6.965,10.556,70.807,0.858,0.868,-0.208,0.947,2021
United States,6.951,11.023,68.2,0.837,0.698,0.098,0.92,2021
Belgium,6.834,10.823,72.199,0.783,0.646,-0.153,0.906,2021
France,6.69,10.704,74.0,0.822,0.571,-0.147,0.942,2021
Bahrain,6.647,10.669,69.495,0.925,0.722,0.089,0.862,2021
Malta,6.602,10.674,72.2,0.927,0.653,0.133,0.931,2021
Taiwan Province of China,6.584,10.871,69.6,0.784,0.721,-0.07,0.898,2021
United Arab Emirates,6.561,11.085,67.333,0.932,0.589,0.074,0.844,2021
Saudi Arabia,6.494,10.743,66.603,0.877,0.684,-0.149,0.891,2021
Spain,6.491,10.571,74.7,0.761,0.745,-0.081,0.932,2021
Italy,6.483,10.623,73.8,0.693,0.866,-0.084,0.88,2021
Slovenia,6.461,10.529,71.4,0.949,0.806,-0.101,0.948,2021
Guatemala,6.435,9.053,64.958,0.906,0.775,-0.038,0.813,2021
Uruguay,6.431,9.966,69.1,0.896,0.59,-0.092,0.925,2021
Singapore,6.377,11.488,76.953,0.927,0.082,-0.018,0.915,2021
Kosovo,6.372,9.318,63.813,0.869,0.917,0.257,0.821,2021
Slovakia,6.331,10.369,69.201,0.766,0.911,-0.124,0.936,2021
Brazil,6.33,9.577,66.601,0.804,0.756,-0.071,0.882,2021
Mexico,6.317,9.859,68.597,0.862,0.799,-0.147,0.831,2021
Jamaica,6.309,9.186,67.5,0.89,0.884,-0.137,0.877,2021
Lithuania,6.255,10.499,67.906,0.773,0.826,-0.203,0.935,2021
Cyprus,6.223,10.576,73.898,0.763,0.844,-0.015,0.802,2021
Estonia,6.189,10.481,68.8,0.909,0.527,-0.106,0.941,2021
Panama,6.18,10.35,69.652,0.872,0.856,-0.166,0.896,2021
Uzbekistan,6.179,8.836,65.255,0.97,0.515,0.311,0.918,2021
Chile,6.172,10.071,70.0,0.742,0.83,-0.044,0.882,2021
Poland,6.166,10.382,69.702,0.841,0.735,-0.165,0.898,2021
Kazakhstan,6.152,10.155,65.2,0.853,0.733,-0.069,0.952,2021
Romania,6.14,10.284,67.355,0.845,0.938,-0.219,0.832,2021
Kuwait,6.106,10.817,66.9,0.867,0.736,-0.104,0.843,2021
Serbia,6.078,9.787,68.6,0.778,0.835,0.002,0.873,2021
El Salvador,6.061,9.054,66.402,0.888,0.688,-0.11,0.762,2021
Mauritius,6.049,10.008,66.701,0.867,0.789,-0.054,0.905,2021
Latvia,6.032,10.315,67.1,0.715,0.8,-0.162,0.927,2021
Colombia,6.012,9.557,68.001,0.837,0.841,-0.135,0.847,2021
Hungary,5.992,10.358,68.0,0.755,0.876,-0.186,0.943,2021
Thailand,5.985,9.805,67.401,0.884,0.895,0.287,0.888,2021
Nicaragua,5.972,8.62,67.657,0.836,0.664,0.02,0.864,2021
Japan,5.94,10.611,75.1,0.796,0.638,-0.258,0.884,2021
Argentina,5.929,9.962,69.0,0.828,0.834,-0.182,0.898,2021
Portugal,5.929,10.421,72.6,0.892,0.887,-0.244,0.879,2021
Honduras,5.919,8.648,67.3,0.857,0.809,0.081,0.812,2021
Croatia,5.882,10.217,70.799,0.754,0.939,-0.118,0.924,2021
Philippines,5.88,9.076,62.0,0.917,0.742,-0.097,0.83,2021
South Korea,5.845,10.651,73.9,0.672,0.727,-0.083,0.799,2021
Peru,5.84,9.458,68.25,0.822,0.891,-0.154,0.832,2021
Bosnia and Herzegovina,5.813,9.59,68.098,0.706,0.931,0.113,0.87,2021
Moldova,5.766,9.454,65.699,0.822,0.918,-0.079,0.857,2021
Ecuador,5.764,9.313,68.8,0.842,0.843,-0.124,0.821,2021
Kyrgyzstan,5.744,8.538,64.401,0.935,0.908,0.119,0.893,2021
Greece,5.723,10.279,72.6,0.582,0.823,-0.288,0.823,2021
Bolivia,5.716,9.046,63.901,0.875,0.839,-0.077,0.81,2021
Mongolia,5.677,9.4,62.5,0.708,0.856,0.116,0.935,2021
Paraguay,5.653,9.448,65.9,0.876,0.882,0.028,0.893,2021
Montenegro,5.581,9.94,68.699,0.708,0.812,-0.034,0.858,2021
Dominican Republic,5.545,9.802,66.102,0.86,0.714,-0.133,0.853,2021
North Cyprus,5.536,10.576,73.898,0.795,0.626,0.012,0.82,2021
Belarus,5.534,9.853,66.253,0.65,0.627,-0.18,0.91,2021
Russia,5.477,10.189,64.703,0.718,0.845,-0.111,0.903,2021
Hong Kong S.A.R. of China,5.477,11.0,76.82,0.717,0.403,0.067,0.836,2021
Tajikistan,5.466,8.091,64.281,0.832,0.553,-0.056,0.86,2021
Vietnam,5.411,8.973,68.034,0.94,0.796,-0.098,0.85,2021
Libya,5.41,9.622,62.3,0.771,0.667,-0.087,0.827,2021
Malaysia,5.384,10.238,67.102,0.895,0.839,0.125,0.817,2021
Indonesia,5.345,9.365,62.236,0.873,0.867,0.542,0.811,2021
Congo (Brazzaville),5.342,8.117,58.221,0.695,0.745,-0.068,0.636,2021
China,5.339,9.673,69.593,0.904,0.755,-0.146,0.811,2021
Ivory Coast,5.306,8.551,50.114,0.741,0.794,-0.016,0.644,2021
Armenia,5.283,9.487,67.055,0.825,0.629,-0.168,0.799,2021
Nepal,5.269,8.12,64.233,0.782,0.727,0.152,0.774,2021
Bulgaria,5.266,10.016,67.0,0.788,0.932,-0.096,0.931,2021
Maldives,5.198,9.826,70.6,0.854,0.825,0.024,0.913,2021
Azerbaijan,5.171,9.569,65.656,0.814,0.506,-0.223,0.836,2021
Cameroon,5.142,8.189,53.515,0.731,0.848,0.026,0.71,2021
Senegal,5.132,8.118,59.802,0.695,0.801,-0.046,0.71,2021
Albania,5.117,9.52,68.999,0.785,0.901,-0.03,0.697,2021
North Macedonia,5.101,9.693,65.474,0.751,0.905,0.038,0.805,2021
Ghana,5.088,8.58,57.586,0.807,0.848,0.123,0.727,2021
Niger,5.074,7.098,53.78,0.806,0.693,0.018,0.641,2021
Turkmenistan,5.066,9.629,62.409,0.877,0.888,0.273,0.983,2021
Gambia,5.051,7.686,55.16,0.697,0.746,0.424,0.69,2021
Benin,5.045,8.087,54.713,0.757,0.661,-0.034,0.489,2021
Laos,5.03,8.947,58.968,0.91,0.658,0.123,0.728,2021
Bangladesh,5.025,8.454,64.8,0.877,0.682,-0.041,0.693,2021
Guinea,4.984,7.838,55.008,0.697,0.766,0.095,0.639,2021
South Africa,4.956,9.403,56.904,0.749,0.86,-0.067,0.86,2021
Turkey,4.948,10.24,67.199,0.576,0.776,-0.139,0.822,2021
Pakistan,4.934,8.458,58.709,0.726,0.787,0.098,0.651,2021
Morocco,4.918,8.903,66.208,0.774,0.801,-0.236,0.56,2021
Venezuela,4.892,9.073,66.7,0.615,0.827,-0.169,0.861,2021
Georgia,4.891,9.585,64.3,0.783,0.655,-0.238,0.671,2021
Algeria,4.887,9.342,66.005,0.48,0.752,-0.067,0.802,2021
Ukraine,4.875,9.436,64.902,0.724,0.924,-0.011,0.888,2021
Iraq,4.854,9.24,60.583,0.63,0.875,-0.053,0.746,2021
Gabon,4.852,9.603,59.962,0.731,0.84,-0.2,0.776,2021
Burkina Faso,4.834,7.678,54.151,0.695,0.748,-0.009,0.672,2021
Cambodia,4.83,8.36,62.0,0.959,0.843,0.034,0.765,2021
Mozambique,4.794,7.158,54.706,0.882,0.684,0.061,0.744,2021
Nigeria,4.759,8.533,50.102,0.737,0.878,0.037,0.74,2021
Mali,4.723,7.744,51.969,0.697,0.827,-0.036,0.724,2021
Iran,4.721,9.584,66.3,0.608,0.714,0.218,0.71,2021
Uganda,4.636,7.677,56.101,0.709,0.855,0.122,0.781,2021
Liberia,4.625,7.288,56.498,0.735,0.85,0.05,0.72,2021
Kenya,4.607,8.361,60.704,0.779,0.825,0.287,0.688,2021
Tunisia,4.596,9.266,67.201,0.656,0.87,-0.201,0.691,2021
Lebanon,4.584,9.626,67.355,0.525,0.898,-0.073,0.848,2021
Namibia,4.574,9.161,56.799,0.719,0.847,-0.149,0.818,2021
Palestinian Territories,4.517,8.485,62.25,0.653,0.821,-0.163,0.826,2021
Myanmar,4.426,8.541,59.302,0.876,0.66,0.509,0.779,2021
Jordan,4.395,9.182,67.0,0.755,0.705,-0.167,0.767,2021
Chad,4.355,7.364,48.478,0.579,0.807,0.041,0.619,2021
Sri Lanka,4.325,9.47,67.299,0.841,0.863,0.079,0.827,2021
Swaziland,4.308,9.065,50.833,0.647,0.708,-0.185,0.77,2021
Comoros,4.289,8.031,57.349,0.548,0.781,0.082,0.626,2021
Egypt,4.283,9.367,61.998,0.749,0.795,-0.182,0.75,2021
Ethiopia,4.275,7.694,59.0,0.752,0.761,0.082,0.764,2021
Mauritania,4.227,8.542,57.161,0.561,0.731,-0.106,0.795,2021
Madagascar,4.208,7.396,59.305,0.552,0.803,-0.005,0.686,2021
Togo,4.107,7.362,54.914,0.619,0.772,0.032,0.569,2021
Zambia,4.073,8.145,55.809,0.782,0.823,0.061,0.708,2021
Sierra Leone,3.849,7.434,51.651,0.717,0.866,0.084,0.63,2021
India,3.819,8.755,60.633,0.893,0.774,0.089,0.603,2021
Burundi,3.775,6.635,53.4,0.626,0.607,-0.024,0.49,2021
Yemen,3.658,7.578,57.122,0.602,0.8,-0.147,0.832,2021
Tanzania,3.623,7.876,57.999,0.833,0.577,0.183,0.702,2021
Haiti,3.615,7.477,55.7,0.593,0.721,0.422,0.54,2021
Malawi,3.6,6.958,57.948,0.78,0.729,0.038,0.537,2021
Lesotho,3.512,7.926,48.7,0.715,0.915,-0.131,0.787,2021
Botswana,3.467,9.782,59.269,0.824,0.801,-0.246,0.784,2021
Rwanda,3.415,7.676,61.4,0.897,0.167,0.061,0.552,2021
Zimbabwe,3.145,7.943,56.201,0.677,0.821,-0.047,0.75,2021
Afghanistan,2.523,7.695,52.493,0.382,0.924,-0.102,0.463,2021
Finland,7.821,1.892,"0,775","0,736","0,534","0,109","1,258",2022
Denmark,7.636,1.953,"0,777","0,719","0,532","0,188","1,243",2022
Iceland,7.557,1.936,"0,803","0,718","0,191","0,270","1,320",2022
Switzerland,7.512,2.026,"0,822","0,677","0,461","0,147","1,226",2022
Netherlands,7.415,1.945,"0,787","0,651","0,419","0,271","1,206",2022
Luxembourg,7.404,2.209,"0,790","0,700","0,388","0,120","1,155",2022
Sweden,7.384,1.920,"0,803","0,724","0,512","0,218","1,204",2022
Norway,7.365,1.997,"0,786","0,728","0,474","0,217","1,239",2022
Israel,7.364,1.826,"0,818","0,568","0,143","0,155","1,221",2022
New Zealand,7.2,1.852,"0,752","0,680","0,483","0,245","1,235",2022
Austria,7.163,1.931,"0,774","0,623","0,329","0,193","1,165",2022
Australia,7.162,1.900,"0,772","0,676","0,341","0,258","1,203",2022
Ireland,7.041,2.129,"0,779","0,627","0,408","0,190","1,166",2022
Germany,7.034,1.924,"0,776","0,585","0,358","0,163","1,088",2022
Canada,7.025,1.886,"0,783","0,659","0,368","0,217","1,188",2022
United States,6.977,1.982,"0,628","0,574","0,177","0,220","1,182",2022
United Kingdom,6.943,1.867,"0,750","0,597","0,329","0,289","1,143",2022
Czechia,6.92,1.815,"0,715","0,660","0,048","0,158","1,260",2022
Belgium,6.805,1.907,"0,764","0,492","0,204","0,049","1,106",2022
France,6.687,1.863,"0,808","0,567","0,266","0,070","1,219",2022
Bahrain,6.647,1.854,"0,625","0,693","0,155","0,199","1,029",2022
Slovenia,6.63,1.810,"0,769","0,685","0,115","0,118","1,249",2022
Costa Rica,6.582,1.584,"0,744","0,661","0,102","0,089","1,054",2022
United Arab Emirates,6.576,1.998,"0,633","0,702","0,250","0,204","0,980",2022
Saudi Arabia,6.523,1.870,"0,577","0,651","0,180","0,078","1,092",2022
Taiwan Province of China,6.512,1.897,"0,733","0,542","0,168","0,075","1,095",2022
Singapore,6.48,2.149,"0,851","0,672","0,587","0,163","1,127",2022
Romania,6.477,1.719,"0,655","0,605","0,006","0,039","1,006",2022
Spain,6.476,1.808,"0,808","0,505","0,149","0,101","1,211",2022
Uruguay,6.474,1.615,"0,672","0,665","0,265","0,103","1,180",2022
Italy,6.467,1.834,"0,801","0,412","0,059","0,085","1,052",2022
Kosovo,6.455,1.362,"0,569","0,599","0,035","0,309","0,949",2022
Malta,6.447,1.838,"0,789","0,679","0,166","0,174","1,169",2022
Lithuania,6.446,1.804,"0,659","0,496","0,077","0,053","1,204",2022
Slovakia,6.391,1.736,"0,707","0,479","0,025","0,118","1,232",2022
Estonia,6.341,1.793,"0,728","0,689","0,333","0,123","1,232",2022
Panama,6.309,1.715,"0,709","0,592","0,051","0,049","1,107",2022
Brazil,6.293,1.462,"0,615","0,546","0,134","0,131","1,044",2022
Guatemala,6.262,1.274,"0,522","0,662","0,115","0,112","0,831",2022
Kazakhstan,6.234,1.668,"0,611","0,584","0,157","0,134","1,220",2022
Cyprus,6.221,1.815,"0,819","0,448","0,062","0,123","0,909",2022
Latvia,6.18,1.732,"0,637","0,502","0,090","0,075","1,221",2022
Serbia,6.178,1.550,"0,658","0,546","0,088","0,219","1,086",2022
Chile,6.172,1.651,"0,748","0,460","0,069","0,124","1,080",2022
Nicaragua,6.165,1.105,"0,617","0,617","0,212","0,168","1,029",2022
Mexico,6.128,1.552,"0,623","0,621","0,115","0,092","0,886",2022
Croatia,6.125,1.705,"0,709","0,535","0,000","0,109","1,183",2022
Poland,6.123,1.758,"0,712","0,523","0,140","0,124","1,174",2022
El Salvador,6.12,1.265,"0,607","0,666","0,212","0,089","0,768",2022
Kuwait,6.106,1.904,"0,747","0,617","0,147","0,087","0,983",2022
Hungary,6.086,1.748,"0,668","0,485","0,064","0,078","1,233",2022
Mauritius,6.071,1.591,"0,568","0,589","0,107","0,131","1,116",2022
Uzbekistan,6.063,1.219,"0,600","0,716","0,240","0,283","1,092",2022
Japan,6.039,1.835,"0,866","0,537","0,218","0,007","1,089",2022
Honduras,6.022,1.111,"0,555","0,582","0,076","0,202","0,885",2022
Portugal,6.016,1.760,"0,777","0,655","0,039","0,016","1,078",2022
Argentina,5.967,1.592,"0,662","0,555","0,085","0,081","1,102",2022
Greece,5.948,1.703,"0,774","0,249","0,108","0,015","0,980",2022
South Korea,5.935,1.851,"0,841","0,414","0,176","0,111","0,886",2022
Philippines,5.904,1.268,"0,514","0,678","0,142","0,107","0,912",2022
Thailand,5.891,1.535,"0,697","0,617","0,026","0,321","1,096",2022
Moldova,5.857,1.417,"0,597","0,561","0,028","0,102","1,008",2022
Jamaica,5.85,1.296,"0,646","0,567","0,053","0,080","1,045",2022
Kyrgyzstan,5.828,1.069,"0,638","0,693","0,025","0,208","1,109",2022
Belarus,5.821,1.562,"0,629","0,342","0,282","0,040","1,157",2022
Colombia,5.781,1.452,"0,720","0,545","0,077","0,087","0,929",2022
Bosnia and Herzegovina,5.768,1.468,"0,665","0,448","0,006","0,244","1,068",2022
Mongolia,5.761,1.393,"0,467","0,398","0,059","0,247","1,197",2022
Dominican Republic,5.737,1.538,"0,577","0,606","0,179","0,084","1,003",2022
Malaysia,5.711,1.689,"0,620","0,654","0,126","0,213","0,938",2022
Bolivia,5.6,1.256,"0,555","0,627","0,064","0,112","0,880",2022
China,5.585,1.508,"0,705","0,656","0,142","0,099","0,958",2022
Paraguay,5.578,1.409,"0,624","0,629","0,059","0,171","1,130",2022
Peru,5.559,1.397,"0,735","0,545","0,037","0,090","0,865",2022
Montenegro,5.547,1.573,"0,659","0,460","0,077","0,135","1,023",2022
Ecuador,5.533,1.352,"0,708","0,565","0,083","0,080","0,879",2022
Vietnam,5.485,1.252,"0,611","0,707","0,105","0,143","0,932",2022
Turkmenistan,5.474,1.484,"0,516","0,649","0,032","0,314","1,319",2022
North Cyprus,5.467,1.815,"0,819","0,523","0,213","0,130","0,888",2022
Russia,5.459,1.685,"0,586","0,401","0,080","0,117","1,095",2022
Hong Kong S.A.R. of China,5.425,1.957,"0,942","0,400","0,383","0,147","0,954",2022
Armenia,5.399,1.434,"0,668","0,558","0,210","0,054","0,820",2022
Tajikistan,5.377,0.966,"0,518","0,572","0,304","0,118","1,005",2022
Nepal,5.377,0.984,"0,499","0,519","0,130","0,237","0,784",2022
Bulgaria,5.371,1.625,"0,640","0,563","0,021","0,123","1,163",2022
Libya,5.33,1.476,"0,606","0,477","0,179","0,106","0,943",2022
Indonesia,5.24,1.382,"0,539","0,620","0,047","0,468","0,883",2022
Ivory Coast,5.235,1.094,"0,322","0,451","0,124","0,149","0,442",2022
North Macedonia,5.199,1.505,"0,637","0,488","0,031","0,215","0,863",2022
Albania,5.199,1.439,"0,719","0,511","0,028","0,138","0,646",2022
South Africa,5.194,1.425,"0,361","0,442","0,046","0,089","1,088",2022
Azerbaijan,5.173,1.458,"0,560","0,601","0,341","0,023","1,093",2022
Gambia,5.164,0.785,"0,369","0,367","0,103","0,388","0,621",2022
Bangladesh,5.155,1.060,"0,581","0,622","0,187","0,125","0,614",2022
Laos,5.14,1.239,"0,479","0,679","0,184","0,197","0,654",2022
Algeria,5.122,1.363,"0,643","0,146","0,150","0,106","0,970",2022
Liberia,5.122,0.636,"0,309","0,405","0,080","0,178","0,670",2022
Ukraine,5.084,1.411,"0,583","0,473","0,017","0,188","1,081",2022
Congo,5.075,0.950,"0,355","0,431","0,146","0,130","0,405",2022
Morocco,5.06,1.208,"0,565","0,492","0,102","0,020","0,268",2022
Mozambique,5.048,0.578,"0,191","0,593","0,200","0,185","0,660",2022
Cameroon,5.048,0.968,"0,317","0,397","0,074","0,152","0,672",2022
Senegal,5.046,0.933,"0,447","0,494","0,081","0,143","0,530",2022
Niger,5.003,0.570,"0,326","0,571","0,145","0,165","0,560",2022
Georgia,4.973,1.467,"0,595","0,508","0,208","0,000","0,612",2022
Gabon,4.958,1.459,"0,396","0,343","0,099","0,032","0,738",2022
Iraq,4.941,1.289,"0,554","0,328","0,046","0,147","0,682",2022
Venezuela,4.925,0.000,"0,578","0,283","0,082","0,225","0,968",2022
Guinea,4.891,0.848,"0,275","0,334","0,116","0,214","0,566",2022
Iran,4.888,1.410,"0,642","0,281","0,146","0,241","0,741",2022
Ghana,4.872,1.112,"0,409","0,500","0,056","0,230","0,595",2022
Turkey,4.744,1.707,"0,702","0,209","0,115","0,087","0,865",2022
Burkina Faso,4.67,0.779,"0,320","0,382","0,126","0,186","0,565",2022
Cambodia,4.64,1.019,"0,505","0,740","0,068","0,166","0,732",2022
Benin,4.623,0.932,"0,335","0,479","0,230","0,127","0,064",2022
Comoros,4.609,0.899,"0,424","0,185","0,125","0,195","0,476",2022
Uganda,4.603,0.777,"0,418","0,402","0,066","0,222","0,875",2022
Nigeria,4.552,1.079,"0,300","0,444","0,038","0,175","0,732",2022
Kenya,4.543,1.032,"0,401","0,440","0,082","0,322","0,605",2022
Tunisia,4.516,1.350,"0,656","0,316","0,029","0,029","0,596",2022
Pakistan,4.516,1.049,"0,374","0,448","0,112","0,181","0,413",2022
Palestinian Territories,4.483,1.148,"0,521","0,336","0,079","0,073","0,957",2022
Mali,4.479,0.792,"0,311","0,350","0,042","0,128","0,483",2022
Namibia,4.459,1.292,"0,354","0,384","0,071","0,067","0,877",2022
"Eswatini, Kingdom of",4.396,1.274,"0,197","0,259","0,154","0,038","0,786",2022
Myanmar,4.394,1.038,"0,491","0,513","0,194","0,452","0,829",2022
Sri Lanka,4.362,1.415,"0,660","0,529","0,079","0,150","0,934",2022
Madagascar,4.339,0.670,"0,378","0,202","0,154","0,143","0,645",2022
Egypt,4.288,1.388,"0,548","0,469","0,254","0,041","0,732",2022
Chad,4.251,0.662,"0,225","0,180","0,077","0,182","0,506",2022
Ethiopia,4.241,0.788,"0,457","0,472","0,136","0,205","0,809",2022
Yemen,4.197,0.691,"0,384","0,330","0,098","0,090","1,043",2022
Mauritania,4.153,1.100,"0,450","0,304","0,138","0,088","0,865",2022
Jordan,4.152,1.324,"0,675","0,476","0,200","0,058","0,724",2022
Togo,4.112,0.771,"0,360","0,292","0,132","0,174","0,322",2022
India,3.777,1.167,"0,471","0,647","0,123","0,198","0,376",2022
Zambia,3.76,0.930,"0,306","0,525","0,083","0,203","0,577",2022
Malawi,3.75,0.648,"0,388","0,477","0,157","0,140","0,279",2022
Tanzania,3.702,0.848,"0,425","0,578","0,270","0,248","0,597",2022
Sierra Leone,3.574,0.686,"0,273","0,387","0,055","0,202","0,416",2022
Lesotho,3.512,0.839,"0,000","0,419","0,018","0,076","0,848",2022
Botswana,3.471,1.503,"0,280","0,571","0,102","0,012","0,815",2022
Rwanda,3.268,0.785,"0,462","0,621","0,544","0,187","0,133",2022
Zimbabwe,2.995,0.947,"0,270","0,329","0,105","0,106","0,690",2022
Lebanon,2.955,1.392,"0,631","0,103","0,034","0,082","0,498",2022
Afghanistan,2.404,0.758,"0,289","0,000","0,005","0,089","0,000",2022
